,TARGET,NAME_CONTRACT_TYPE,CODE_GENDER,FLAG_OWN_CAR,FLAG_OWN_REALTY,CNT_CHILDREN,AMT_INCOME_TOTAL,AMT_CREDIT,AMT_ANNUITY
292290,0,Cash loans,F,N,Y,0,139500.0,805536.0,41260.5
119290,0,Cash loans,M,Y,Y,1,315000.0,544491.0,17694.0
161154,1,Cash loans,M,Y,N,0,180000.0,927252.0,24588.0
174839,0,Revolving loans,M,Y,Y,0,360000.0,900000.0,45000.0
265841,0,Cash loans,F,N,Y,0,90000.0,895500.0,26181.0
246872,0,Cash loans,F,Y,Y,2,90000.0,66222.0,7155.0
90153,1,Cash loans,F,N,Y,0,130500.0,450000.0,22018.5
233241,0,Cash loans,F,N,Y,2,94500.0,545040.0,25537.5
217676,0,Cash loans,F,N,Y,0,180000.0,640080.0,31131.0
82476,0,Revolving loans,F,N,Y,0,54000.0,202500.0,10125.0
227616,0,Revolving loans,F,N,Y,0,112500.0,180000.0,9000.0
287736,0,Cash loans,F,Y,Y,1,180000.0,644427.0,27301.5
44638,0,Cash loans,M,N,Y,1,90000.0,508495.5,24592.5
122394,0,Cash loans,F,N,Y,0,112500.0,494550.0,37107.0
233566,0,Revolving loans,M,N,Y,1,157500.0,450000.0,22500.0
144843,0,Cash loans,M,N,Y,0,135000.0,202500.0,9567.0
82864,0,Cash loans,M,N,Y,0,405000.0,472500.0,48546.0
264508,0,Cash loans,F,Y,Y,0,135000.0,805536.0,41260.5
32547,0,Cash loans,M,Y,Y,0,180000.0,851778.0,25033.5
172001,1,Cash loans,M,N,N,1,211500.0,247275.0,19953.0
251673,0,Revolving loans,F,Y,Y,0,270000.0,765000.0,38250.0
188536,0,Revolving loans,F,N,Y,0,162000.0,450000.0,22500.0
208319,0,Cash loans,F,N,N,0,1035000.0,1006920.0,42660.0
158070,0,Cash loans,F,N,Y,0,135000.0,1133748.0,30037.5
188287,0,Cash loans,F,Y,N,2,67500.0,299772.0,14103.0
108804,0,Cash loans,F,N,N,0,67500.0,675000.0,41427.0
11011,0,Cash loans,F,N,N,0,202500.0,473760.0,48676.5
233989,0,Cash loans,M,N,Y,0,225000.0,519633.0,41184.0
66595,0,Cash loans,F,N,Y,0,126000.0,439740.0,23854.5
257139,0,Cash loans,M,N,Y,1,450000.0,326439.0,15345.0
193761,0,Cash loans,F,N,N,0,90000.0,526491.0,29529.0
151289,0,Cash loans,F,N,Y,1,202500.0,1515415.5,41800.5
18357,0,Revolving loans,F,N,Y,0,184500.0,450000.0,22500.0
108843,0,Cash loans,F,N,N,0,58500.0,315000.0,9679.5
4919,0,Cash loans,F,N,Y,0,135000.0,662733.0,26059.5
131337,0,Cash loans,F,N,Y,0,135000.0,270000.0,10179.0
262158,0,Cash loans,F,N,Y,0,81000.0,95940.0,10309.5
57742,0,Cash loans,F,N,Y,0,135000.0,699808.5,29650.5
143583,0,Cash loans,F,Y,Y,0,121500.0,1800000.0,62698.5
102525,0,Cash loans,M,N,N,0,135000.0,900000.0,32017.5
196352,0,Cash loans,F,N,Y,0,157500.0,284400.0,16456.5
39442,1,Revolving loans,M,N,N,1,81000.0,135000.0,6750.0
78738,0,Cash loans,F,N,N,0,90000.0,111384.0,9058.5
297126,1,Cash loans,M,N,Y,1,135000.0,675000.0,26284.5
267503,0,Cash loans,M,Y,Y,0,85500.0,436032.0,21339.0
181837,0,Cash loans,F,N,N,1,225000.0,305640.0,31446.0
304722,0,Cash loans,F,N,N,0,94500.0,647046.0,19048.5
281260,0,Cash loans,F,N,Y,0,67500.0,225000.0,17905.5
262948,0,Cash loans,M,Y,N,0,157500.0,959598.0,26388.0
6933,0,Cash loans,F,N,Y,0,198000.0,675000.0,32602.5
111177,0,Cash loans,F,Y,Y,0,135000.0,188685.0,14238.0
43545,0,Cash loans,F,N,Y,0,157500.0,601470.0,32760.0
132792,0,Cash loans,F,Y,Y,1,270000.0,900000.0,40671.0
73531,0,Cash loans,M,Y,Y,0,252000.0,337500.0,24687.0
121313,0,Cash loans,F,N,Y,0,202500.0,675000.0,19867.5
164734,0,Cash loans,F,Y,Y,1,202500.0,1223010.0,51948.0
120378,0,Cash loans,M,Y,Y,0,85500.0,1042560.0,34587.0
52651,0,Revolving loans,M,N,Y,1,117000.0,450000.0,22500.0
153124,0,Cash loans,F,N,Y,0,39150.0,239850.0,23719.5
287075,0,Cash loans,M,Y,N,0,405000.0,2013840.0,55377.0
254621,0,Cash loans,M,Y,Y,0,315000.0,545040.0,39627.0
119816,0,Cash loans,M,Y,N,1,180000.0,971280.0,56920.5
285042,0,Cash loans,M,N,Y,2,450000.0,1125000.0,36292.5
176975,0,Cash loans,F,N,N,0,207000.0,497520.0,33376.5
22927,0,Cash loans,F,N,Y,0,193500.0,491031.0,33075.0
19697,0,Cash loans,M,Y,Y,0,112500.0,862560.0,25348.5
202905,0,Cash loans,F,N,Y,0,135000.0,360000.0,15381.0
168120,0,Cash loans,F,N,Y,1,157500.0,225000.0,8482.5
84321,0,Cash loans,F,N,N,1,202500.0,959598.0,28057.5
59357,0,Cash loans,F,Y,Y,1,135000.0,835380.0,40320.0
270850,0,Cash loans,F,Y,Y,0,112500.0,131922.0,5719.5
217943,1,Cash loans,F,Y,N,1,144000.0,225000.0,26833.5
8823,0,Cash loans,M,Y,Y,1,360000.0,1006920.0,51543.0
119264,0,Cash loans,F,N,Y,1,157500.0,1575000.0,58500.0
297324,0,Cash loans,F,N,N,0,157500.0,1006920.0,42660.0
216710,0,Cash loans,F,N,Y,0,135000.0,358213.5,23022.0
237169,0,Cash loans,F,Y,Y,1,225000.0,1506816.0,49927.5
98312,0,Cash loans,F,N,N,0,193500.0,239850.0,24705.0
220789,0,Cash loans,F,N,Y,0,90000.0,143910.0,17208.0
3966,0,Cash loans,F,N,N,0,216000.0,500211.0,25537.5
227181,0,Cash loans,F,N,Y,0,207000.0,1078200.0,31653.0
48173,0,Cash loans,F,N,Y,0,112500.0,315000.0,15448.5
227821,0,Cash loans,F,N,Y,1,67500.0,101880.0,10053.0
188379,0,Cash loans,M,N,Y,1,90000.0,270000.0,12586.5
80283,0,Cash loans,F,N,N,0,81000.0,299772.0,9216.0
215585,0,Cash loans,F,N,Y,0,202500.0,612612.0,26086.5
226694,0,Cash loans,F,N,Y,0,225000.0,497520.0,33376.5
137496,0,Cash loans,F,N,N,0,157500.0,544491.0,17563.5
138919,0,Cash loans,M,N,Y,0,54000.0,508495.5,26091.0
14250,0,Cash loans,F,N,Y,0,45000.0,284400.0,16011.0
294333,0,Cash loans,F,N,N,0,90000.0,787131.0,26014.5
72623,0,Cash loans,F,N,Y,0,135000.0,247675.5,19579.5
66657,0,Cash loans,M,N,N,0,180000.0,269550.0,10404.0
298348,0,Cash loans,F,Y,Y,1,270000.0,1319499.0,47524.5
29988,0,Cash loans,F,Y,Y,0,135000.0,269550.0,10534.5
207309,0,Cash loans,F,N,Y,1,112500.0,254700.0,26874.0
92078,0,Cash loans,F,N,Y,0,180000.0,339241.5,12919.5
86533,0,Cash loans,F,N,N,1,112500.0,1002726.0,35653.5
104713,0,Cash loans,F,N,Y,0,135000.0,163201.5,14089.5
24864,0,Cash loans,F,N,Y,1,180000.0,545040.0,25537.5
304391,0,Cash loans,F,N,Y,0,112500.0,1035000.0,37174.5
263537,0,Cash loans,M,N,N,1,135000.0,314100.0,21375.0
252491,0,Cash loans,F,N,Y,0,135000.0,760500.0,25263.0
86349,0,Cash loans,M,Y,Y,0,855000.0,1546020.0,42642.0
35779,0,Cash loans,M,N,Y,0,112500.0,224149.5,24268.5
223221,0,Revolving loans,F,Y,Y,1,337500.0,540000.0,27000.0
152083,0,Cash loans,M,Y,Y,0,112500.0,254700.0,27558.0
52734,0,Cash loans,F,Y,Y,1,450000.0,1125000.0,37309.5
109415,0,Cash loans,F,N,Y,0,112500.0,188685.0,11398.5
200547,0,Cash loans,M,Y,N,0,135000.0,450000.0,27193.5
53005,0,Cash loans,M,Y,Y,0,112500.0,279000.0,13549.5
26935,0,Revolving loans,F,N,Y,0,90000.0,135000.0,6750.0
74844,0,Cash loans,M,N,Y,2,157500.0,312768.0,22374.0
38715,0,Cash loans,F,Y,Y,1,112500.0,90000.0,9450.0
93119,0,Cash loans,F,Y,N,0,225000.0,675000.0,24930.0
33827,1,Cash loans,M,N,N,0,157500.0,162000.0,10674.0
86235,0,Cash loans,M,N,Y,0,65250.0,1005120.0,29520.0
23450,0,Revolving loans,M,Y,N,1,315000.0,270000.0,13500.0
129764,0,Cash loans,F,N,Y,1,112500.0,177903.0,9778.5
91521,0,Revolving loans,F,Y,Y,1,112500.0,135000.0,6750.0
78022,0,Cash loans,F,N,Y,1,180000.0,592560.0,30384.0
115709,0,Cash loans,F,N,Y,0,112500.0,330048.0,12573.0
277764,0,Cash loans,F,N,Y,2,90000.0,900000.0,26446.5
26221,0,Cash loans,F,N,N,1,54000.0,225000.0,10489.5
112466,0,Cash loans,F,Y,Y,0,157500.0,163008.0,11020.5
233941,0,Cash loans,F,N,N,0,81000.0,509400.0,37197.0
133009,0,Cash loans,F,Y,Y,0,135000.0,653328.0,25443.0
162404,0,Cash loans,F,Y,Y,0,337500.0,1800000.0,62698.5
272920,0,Cash loans,F,N,N,0,99000.0,450000.0,21649.5
68776,0,Cash loans,M,Y,N,0,315000.0,1546020.0,45202.5
52884,0,Revolving loans,F,N,Y,0,135000.0,270000.0,13500.0
70219,0,Cash loans,F,N,N,0,112500.0,675000.0,28597.5
115592,1,Cash loans,M,Y,N,0,112500.0,225000.0,13896.0
117288,0,Cash loans,M,Y,Y,0,180000.0,1206954.0,39064.5
54350,0,Cash loans,M,N,Y,1,180000.0,592560.0,35937.0
160683,0,Cash loans,M,N,Y,1,180000.0,269550.0,16285.5
306676,1,Cash loans,M,Y,Y,0,225000.0,790830.0,62613.0
207967,0,Cash loans,M,Y,Y,0,337500.0,904500.0,26446.5
250869,0,Cash loans,F,N,Y,0,90000.0,568800.0,18477.0
169043,0,Cash loans,F,N,Y,1,112500.0,1372500.0,36333.0
211756,0,Cash loans,F,Y,Y,0,135000.0,728460.0,44694.0
264201,0,Revolving loans,F,N,Y,0,153000.0,270000.0,13500.0
301545,0,Cash loans,M,Y,Y,1,157500.0,272520.0,21528.0
253094,0,Cash loans,M,N,Y,0,247500.0,1971072.0,68643.0
38160,0,Cash loans,F,N,Y,0,171000.0,472500.0,46161.0
133168,0,Cash loans,F,N,N,1,67500.0,545040.0,20677.5
29386,0,Cash loans,F,Y,N,1,67500.0,284400.0,13257.0
191901,0,Cash loans,F,N,N,2,225000.0,490536.0,22864.5
8046,0,Cash loans,F,N,N,0,351000.0,755190.0,36459.0
221572,0,Cash loans,F,N,Y,0,247500.0,328405.5,24682.5
257040,0,Cash loans,F,N,N,1,112500.0,454500.0,21865.5
212694,0,Cash loans,M,N,Y,1,270000.0,503266.5,52978.5
248523,0,Cash loans,F,N,N,0,67500.0,106974.0,12825.0
59490,0,Cash loans,M,Y,Y,0,450000.0,985221.0,52623.0
148668,0,Cash loans,F,Y,Y,0,202500.0,1350000.0,39604.5
145343,0,Cash loans,M,N,Y,1,157500.0,254700.0,26874.0
85980,0,Cash loans,F,N,Y,0,288000.0,547272.0,43366.5
228650,0,Cash loans,F,Y,N,0,157500.0,254700.0,18531.0
165875,1,Cash loans,F,N,N,0,202500.0,900000.0,31887.0
98330,0,Cash loans,F,N,Y,0,67500.0,490500.0,15822.0
5783,0,Cash loans,F,Y,N,0,180000.0,585000.0,46350.0
205828,0,Cash loans,M,N,N,0,225000.0,1032133.5,34240.5
106902,0,Cash loans,F,N,Y,0,270000.0,381528.0,18684.0
286035,0,Cash loans,F,N,N,0,157500.0,625536.0,31905.0
289835,0,Cash loans,F,Y,N,2,121500.0,331834.5,14746.5
292179,0,Cash loans,F,N,Y,0,108000.0,288972.0,14881.5
185804,0,Cash loans,F,N,Y,0,112500.0,254700.0,14350.5
93115,0,Cash loans,F,N,Y,0,270000.0,848745.0,36090.0
65604,0,Cash loans,F,Y,N,2,189000.0,260640.0,21028.5
217010,0,Cash loans,F,N,Y,1,112500.0,568197.0,20538.0
302651,0,Cash loans,M,Y,Y,3,76500.0,1288350.0,37800.0
229525,0,Cash loans,M,Y,N,0,180000.0,1530517.5,42219.0
108230,0,Cash loans,M,Y,Y,0,144000.0,1056447.0,31018.5
68440,0,Cash loans,F,Y,Y,1,225000.0,1303200.0,46809.0
124274,0,Cash loans,M,Y,Y,3,270000.0,1078200.0,34780.5
135547,0,Cash loans,F,N,N,1,85500.0,760225.5,32337.0
56686,1,Cash loans,F,N,Y,0,112500.0,715095.0,48109.5
269048,0,Cash loans,M,Y,N,2,135000.0,900000.0,23872.5
172941,0,Cash loans,F,N,Y,0,135000.0,521280.0,23089.5
284650,0,Cash loans,F,N,Y,2,54000.0,518562.0,22099.5
76422,0,Cash loans,F,N,N,0,112500.0,298728.0,15381.0
73424,0,Cash loans,F,N,Y,1,135000.0,225000.0,21919.5
7694,0,Cash loans,M,Y,Y,1,540000.0,497520.0,52920.0
275856,0,Cash loans,F,Y,Y,0,46350.0,171000.0,11898.0
71073,0,Cash loans,F,N,Y,0,90000.0,423000.0,18049.5
18789,0,Cash loans,F,N,Y,0,180000.0,1546020.0,45333.0
186245,0,Cash loans,F,Y,N,2,270000.0,1345500.0,44595.0
80671,0,Cash loans,M,Y,Y,0,135000.0,636138.0,20520.0
254456,0,Cash loans,F,Y,Y,1,99000.0,687600.0,18265.5
43081,0,Cash loans,M,N,Y,0,315000.0,727785.0,23607.0
63988,0,Cash loans,F,Y,Y,0,135000.0,835380.0,36927.0
11486,0,Cash loans,F,Y,N,0,90000.0,675000.0,19737.0
116041,0,Cash loans,F,Y,Y,1,292500.0,675000.0,49248.0
83739,0,Cash loans,F,N,Y,0,157500.0,343800.0,10921.5
150963,0,Cash loans,M,N,N,0,117000.0,544491.0,17563.5
207447,0,Cash loans,F,N,Y,0,270000.0,640080.0,29970.0
158115,0,Cash loans,F,Y,N,0,90000.0,781920.0,28215.0
1025,0,Cash loans,F,N,N,0,90000.0,1256400.0,36864.0
166819,0,Cash loans,F,N,N,0,108000.0,565380.0,30798.0
110172,0,Cash loans,F,N,Y,2,202500.0,1152000.0,41508.0
132283,0,Revolving loans,M,N,Y,0,202500.0,855000.0,42750.0
69970,0,Cash loans,F,N,Y,0,76500.0,540000.0,20979.0
276449,0,Cash loans,F,N,Y,0,180000.0,675000.0,21906.0
292689,0,Cash loans,F,N,Y,0,225000.0,828000.0,24340.5
14173,0,Revolving loans,M,Y,Y,0,180000.0,405000.0,20250.0
281866,1,Cash loans,F,N,Y,0,157500.0,517500.0,37786.5
110029,0,Revolving loans,M,Y,Y,0,72000.0,270000.0,13500.0
22292,0,Cash loans,F,N,Y,0,180000.0,582804.0,29884.5
276692,0,Revolving loans,M,N,Y,0,112500.0,247500.0,12375.0
288505,1,Cash loans,M,Y,Y,3,225000.0,1546020.0,45333.0
30308,0,Cash loans,M,N,Y,1,39600.0,215640.0,17064.0
98723,0,Cash loans,F,N,Y,0,99000.0,215640.0,11290.5
132808,1,Cash loans,F,N,N,0,225000.0,900000.0,24264.0
234253,1,Cash loans,M,N,Y,0,180000.0,927252.0,27112.5
14139,0,Cash loans,F,N,N,0,130500.0,237024.0,18855.0
7106,0,Cash loans,M,N,N,2,180000.0,1288350.0,37669.5
85990,0,Cash loans,F,Y,N,0,360000.0,808650.0,21460.5
265758,0,Cash loans,F,Y,N,2,135000.0,485640.0,32346.0
179301,0,Cash loans,F,N,Y,1,112500.0,355320.0,34744.5
87241,0,Cash loans,F,Y,Y,1,382500.0,746280.0,59094.0
240176,0,Cash loans,F,N,N,0,252000.0,211500.0,21802.5
93837,0,Cash loans,M,Y,N,0,157500.0,1350000.0,39474.0
188281,0,Cash loans,F,N,Y,0,135000.0,254700.0,14350.5
246755,0,Cash loans,F,N,Y,0,148500.0,263686.5,28107.0
295443,0,Cash loans,F,Y,Y,1,112500.0,675000.0,21775.5
171644,0,Cash loans,M,N,Y,0,135000.0,317178.0,29218.5
160698,0,Cash loans,F,N,N,1,112500.0,916470.0,24304.5
239552,0,Cash loans,F,N,Y,1,108000.0,521280.0,24286.5
88875,0,Cash loans,F,N,Y,0,360000.0,239850.0,23494.5
290260,0,Cash loans,F,N,N,2,112500.0,640080.0,24259.5
98513,0,Cash loans,M,Y,N,0,180000.0,1350000.0,39604.5
139888,0,Revolving loans,F,N,Y,2,67500.0,202500.0,10125.0
209095,0,Cash loans,M,N,Y,0,225000.0,450000.0,23301.0
253356,0,Cash loans,F,N,Y,0,39150.0,98910.0,6880.5
64216,0,Cash loans,M,N,Y,1,121500.0,225000.0,13045.5
269312,0,Cash loans,F,Y,Y,0,450000.0,1345500.0,39339.0
51304,0,Cash loans,M,N,N,0,225000.0,601470.0,32760.0
178718,0,Cash loans,M,N,Y,0,135000.0,239850.0,25960.5
211579,0,Cash loans,F,N,Y,1,90000.0,172021.5,18657.0
62922,1,Cash loans,F,N,N,1,247500.0,418500.0,18909.0
77787,0,Cash loans,F,Y,Y,0,157500.0,239850.0,23364.0
251052,0,Cash loans,F,N,Y,0,135000.0,675000.0,19867.5
241482,0,Cash loans,F,N,N,0,225000.0,755190.0,32125.5
157544,0,Cash loans,F,N,N,0,90000.0,225000.0,17905.5
185547,0,Cash loans,M,Y,N,0,225000.0,501169.5,17158.5
262985,0,Cash loans,M,Y,Y,2,67500.0,473760.0,50269.5
119491,1,Cash loans,M,N,Y,0,180000.0,373500.0,25393.5
83537,0,Cash loans,F,N,N,0,135000.0,225000.0,11875.5
234709,0,Cash loans,F,N,Y,0,135000.0,755190.0,35122.5
50935,0,Cash loans,M,N,Y,0,67500.0,225000.0,12694.5
205066,1,Cash loans,F,N,Y,0,90000.0,390960.0,21339.0
66844,1,Cash loans,M,Y,Y,0,202500.0,900000.0,29164.5
12124,0,Cash loans,F,Y,Y,1,135000.0,176328.0,11398.5
254634,0,Cash loans,M,Y,Y,0,315000.0,1546020.0,45333.0
297558,1,Cash loans,M,N,Y,0,180000.0,261288.0,12838.5
235550,0,Cash loans,M,N,Y,1,112500.0,270126.0,12028.5
39496,0,Cash loans,M,N,Y,1,202500.0,592560.0,40216.5
46360,0,Cash loans,F,Y,Y,1,337500.0,2250000.0,59355.0
41669,0,Cash loans,M,N,N,0,157500.0,604152.0,25596.0
101720,0,Cash loans,F,Y,Y,2,270000.0,521280.0,35392.5
241567,0,Cash loans,F,N,Y,2,675000.0,1735474.5,71752.5
81895,0,Revolving loans,F,N,Y,0,90000.0,202500.0,10125.0
181019,0,Cash loans,F,N,Y,0,135000.0,675000.0,26154.0
160993,0,Cash loans,F,N,Y,1,180000.0,1078200.0,31522.5
128107,0,Cash loans,F,N,N,0,135000.0,450000.0,24543.0
132868,0,Revolving loans,M,N,Y,0,81000.0,202500.0,10125.0
195906,0,Revolving loans,F,N,Y,1,225000.0,202500.0,10125.0
90655,0,Cash loans,F,N,Y,0,76500.0,585000.0,17104.5
262135,0,Cash loans,F,Y,Y,2,157500.0,835380.0,40320.0
103030,0,Cash loans,F,N,Y,0,103500.0,416052.0,20367.0
247310,0,Cash loans,F,N,Y,1,103500.0,675000.0,32602.5
257457,0,Cash loans,M,N,Y,0,67500.0,808650.0,26086.5
59328,0,Cash loans,F,N,Y,0,180000.0,1665000.0,61834.5
283137,0,Cash loans,M,Y,Y,0,225000.0,935640.0,93618.0
94382,1,Revolving loans,F,N,Y,3,45000.0,135000.0,6750.0
118957,0,Cash loans,F,Y,N,0,270000.0,494550.0,36976.5
299869,0,Cash loans,F,N,Y,0,135000.0,1223010.0,51948.0
240313,0,Cash loans,F,N,N,0,247500.0,643500.0,31086.0
262669,0,Cash loans,M,N,N,1,135000.0,170640.0,9922.5
14785,0,Cash loans,F,N,N,0,225000.0,970380.0,28503.0
84390,0,Cash loans,F,N,N,0,270000.0,808650.0,26217.0
228475,0,Cash loans,M,N,N,0,135000.0,675000.0,25015.5
9533,0,Cash loans,F,Y,Y,0,225000.0,521280.0,23089.5
52490,0,Cash loans,F,N,Y,3,117000.0,202500.0,16128.0
293295,0,Cash loans,F,N,Y,1,180000.0,1309500.0,38286.0
292006,1,Cash loans,F,N,N,0,112500.0,534204.0,32809.5
63229,0,Cash loans,F,N,N,0,112500.0,239850.0,23494.5
305586,0,Cash loans,M,N,Y,0,292500.0,1078200.0,34911.0
294932,1,Revolving loans,F,Y,Y,1,108000.0,270000.0,13500.0
79900,0,Revolving loans,F,N,Y,2,67500.0,180000.0,9000.0
262201,0,Cash loans,F,N,N,2,63000.0,332946.0,16015.5
176980,0,Cash loans,M,Y,N,0,270000.0,1546020.0,45202.5
137692,0,Cash loans,M,Y,Y,0,445500.0,900000.0,29034.0
170295,0,Cash loans,F,Y,Y,0,216000.0,355536.0,21483.0
32225,0,Cash loans,F,Y,Y,2,112500.0,274941.0,23728.5
305070,0,Cash loans,M,N,N,0,135000.0,679500.0,26946.0
245149,0,Cash loans,F,N,Y,0,112500.0,436032.0,20457.0
248135,0,Cash loans,F,N,Y,0,94500.0,612612.0,28516.5
272287,0,Cash loans,F,N,N,0,135000.0,90000.0,9450.0
259154,0,Cash loans,F,N,Y,0,90000.0,454500.0,13419.0
92908,0,Cash loans,M,Y,Y,0,220500.0,993082.5,42205.5
186443,0,Cash loans,M,Y,Y,2,157500.0,1277136.0,46003.5
210920,0,Cash loans,M,Y,Y,0,126000.0,450000.0,24543.0
257791,0,Cash loans,M,N,Y,1,135000.0,630000.0,30438.0
172704,0,Cash loans,M,Y,Y,0,99000.0,229500.0,15466.5
27871,0,Revolving loans,M,Y,Y,0,112500.0,180000.0,9000.0
140295,0,Cash loans,M,N,Y,0,157500.0,284256.0,30744.0
298460,0,Cash loans,M,N,N,0,33750.0,327024.0,10044.0
153488,0,Cash loans,M,N,Y,0,135000.0,855000.0,30838.5
77902,0,Cash loans,F,N,Y,0,157500.0,1546020.0,42642.0
256287,0,Cash loans,M,Y,N,2,900000.0,728460.0,86449.5
114074,0,Cash loans,M,Y,N,2,117000.0,545040.0,26509.5
218217,0,Revolving loans,M,Y,Y,0,292500.0,180000.0,9000.0
18324,0,Revolving loans,M,Y,Y,1,259186.5,135000.0,6750.0
52290,0,Cash loans,F,N,N,0,112500.0,545040.0,26509.5
89203,0,Cash loans,F,N,Y,0,202500.0,616527.0,22275.0
12063,0,Cash loans,F,N,N,0,189000.0,269550.0,12307.5
107419,0,Cash loans,M,N,Y,0,225000.0,728460.0,57685.5
101230,1,Cash loans,M,N,Y,0,67500.0,1080000.0,31707.0
176927,0,Cash loans,F,N,Y,0,225000.0,1006920.0,42790.5
180957,0,Cash loans,F,N,N,0,180000.0,557770.5,28606.5
162342,0,Cash loans,M,Y,Y,2,270000.0,297130.5,23602.5
43578,0,Cash loans,M,N,Y,0,108000.0,528687.0,24777.0
286066,0,Revolving loans,F,N,Y,0,157500.0,450000.0,22500.0
113405,0,Cash loans,F,Y,N,2,144000.0,1762110.0,48586.5
93574,0,Cash loans,M,N,Y,0,157500.0,163201.5,12816.0
198088,0,Cash loans,F,N,N,0,67500.0,225000.0,9661.5
18511,0,Cash loans,F,Y,Y,0,157500.0,348826.5,22423.5
210673,0,Cash loans,F,N,Y,0,100089.0,337500.0,9409.5
253828,0,Cash loans,F,Y,Y,0,81000.0,50940.0,5346.0
223150,0,Cash loans,M,N,N,0,225000.0,1256400.0,40527.0
180584,0,Cash loans,M,Y,Y,0,180000.0,225000.0,18171.0
108376,0,Cash loans,F,Y,Y,0,67500.0,139230.0,12897.0
70422,0,Cash loans,M,Y,Y,0,90000.0,1236816.0,32755.5
195825,0,Cash loans,M,Y,Y,1,135000.0,252531.0,23292.0
301541,0,Cash loans,M,Y,Y,0,157500.0,1339146.0,39285.0
237132,0,Cash loans,F,N,Y,4,157500.0,288994.5,34425.0
286535,0,Cash loans,F,N,N,1,90000.0,203760.0,22072.5
296593,0,Cash loans,F,N,N,0,72000.0,450000.0,16965.0
214063,0,Cash loans,F,N,Y,0,90000.0,265851.0,11839.5
262468,0,Cash loans,F,N,Y,0,58500.0,158301.0,15552.0
111182,0,Cash loans,F,N,N,0,157500.0,547344.0,16722.0
267864,0,Cash loans,F,Y,Y,1,99000.0,755190.0,38686.5
118166,0,Cash loans,F,N,N,0,112500.0,327024.0,25965.0
211479,0,Revolving loans,F,Y,N,2,135000.0,405000.0,20250.0
192715,0,Cash loans,M,N,N,3,117000.0,675000.0,19737.0
161891,0,Cash loans,F,N,Y,0,135000.0,1288350.0,37669.5
86224,0,Cash loans,M,N,Y,0,112500.0,1236816.0,36292.5
172055,0,Cash loans,F,N,N,0,135000.0,1223010.0,48631.5
223266,0,Cash loans,F,N,N,0,108000.0,585000.0,32665.5
137261,0,Cash loans,F,N,Y,0,126000.0,508495.5,21541.5
23400,0,Cash loans,F,Y,Y,0,157500.0,927252.0,27112.5
261026,0,Cash loans,M,Y,Y,0,180000.0,284256.0,29979.0
177302,0,Cash loans,F,N,N,0,90000.0,900000.0,26316.0
176689,0,Cash loans,F,N,Y,0,135000.0,416052.0,19525.5
151356,0,Cash loans,F,N,Y,0,270000.0,946998.0,50584.5
161124,0,Cash loans,F,N,N,1,157500.0,704844.0,36117.0
87971,0,Cash loans,F,Y,N,1,315000.0,647046.0,19048.5
27707,0,Cash loans,M,N,Y,0,157500.0,781695.0,30420.0
35440,0,Cash loans,M,Y,Y,0,180000.0,538704.0,27634.5
173288,0,Cash loans,F,N,N,1,117000.0,900000.0,40801.5
202069,0,Cash loans,F,N,N,0,81000.0,746280.0,42970.5
34639,0,Cash loans,M,N,N,0,180000.0,450000.0,18328.5
222110,0,Cash loans,F,N,N,0,112500.0,418500.0,20353.5
204845,0,Cash loans,M,N,Y,1,180000.0,582768.0,38943.0
167479,0,Cash loans,M,Y,N,0,112500.0,755190.0,36459.0
236562,0,Cash loans,F,N,Y,0,270000.0,1303812.0,35982.0
106417,0,Cash loans,F,N,Y,0,189000.0,312840.0,19269.0
167531,0,Cash loans,F,N,Y,0,72000.0,225000.0,16951.5
189256,0,Cash loans,M,Y,Y,0,135000.0,452385.0,17181.0
181250,0,Cash loans,F,N,Y,1,90000.0,312768.0,16506.0
188332,0,Revolving loans,M,Y,Y,0,450000.0,855000.0,42750.0
236021,1,Revolving loans,F,N,Y,1,90000.0,180000.0,9000.0
38279,0,Cash loans,M,Y,Y,2,157500.0,180000.0,14350.5
188458,0,Cash loans,F,N,Y,1,135000.0,269982.0,29205.0
138201,0,Cash loans,M,N,N,3,180000.0,1575000.0,43443.0
276287,0,Cash loans,F,N,Y,2,67500.0,241618.5,23895.0
249791,0,Cash loans,F,Y,N,0,141750.0,254700.0,24192.0
77319,0,Cash loans,F,Y,Y,0,135000.0,1850544.0,64323.0
165056,0,Cash loans,F,Y,Y,1,43285.5,405000.0,16623.0
109038,1,Cash loans,M,Y,N,2,202500.0,679266.0,21910.5
216058,0,Cash loans,F,N,Y,0,135000.0,523597.5,23193.0
204894,0,Cash loans,F,N,Y,0,270000.0,1042006.5,41454.0
281498,0,Cash loans,F,Y,Y,0,180000.0,342000.0,13023.0
50840,0,Cash loans,M,Y,N,0,112500.0,517500.0,19305.0
303022,0,Cash loans,F,N,Y,1,157500.0,275040.0,13504.5
208053,0,Cash loans,M,Y,N,0,202500.0,296280.0,15124.5
184055,0,Revolving loans,F,Y,Y,1,180000.0,405000.0,20250.0
157256,0,Cash loans,M,Y,Y,0,337500.0,1255680.0,41629.5
250326,1,Cash loans,M,N,N,0,202500.0,542295.0,42975.0
121771,0,Cash loans,F,N,Y,0,202500.0,52128.0,5742.0
133375,0,Cash loans,F,Y,N,0,135000.0,675000.0,32472.0
15312,0,Cash loans,F,N,Y,2,162000.0,1067418.0,31207.5
252123,0,Cash loans,F,Y,N,1,387000.0,2410380.0,89325.0
16845,0,Cash loans,M,N,N,0,103500.0,679500.0,28786.5
90764,1,Cash loans,F,N,N,0,202500.0,781920.0,28215.0
64544,0,Cash loans,F,N,N,0,180000.0,675000.0,23202.0
114970,0,Cash loans,F,N,N,1,382500.0,684706.5,33070.5
15277,0,Cash loans,F,Y,Y,1,112500.0,247275.0,17338.5
117552,1,Cash loans,F,N,N,0,112500.0,675000.0,34465.5
252770,0,Cash loans,F,N,Y,0,202500.0,495801.0,33264.0
228734,0,Cash loans,F,Y,Y,0,202500.0,760225.5,30150.0
208867,0,Cash loans,F,N,Y,0,157500.0,343800.0,13090.5
225835,0,Cash loans,F,N,N,0,67500.0,332910.0,22009.5
164771,1,Cash loans,F,N,N,1,135000.0,1078200.0,31653.0
131444,0,Cash loans,F,N,Y,0,247500.0,619254.0,29920.5
173749,0,Cash loans,F,N,Y,1,148500.0,485901.0,25569.0
241479,0,Cash loans,F,N,Y,0,189000.0,805536.0,34258.5
275323,0,Cash loans,F,Y,Y,1,180000.0,1206954.0,35419.5
123430,0,Cash loans,F,N,Y,0,166500.0,423000.0,33547.5
99461,0,Cash loans,F,N,Y,1,89100.0,1078200.0,31653.0
24425,0,Revolving loans,F,N,Y,0,67500.0,135000.0,6750.0
213555,1,Cash loans,F,N,Y,0,103500.0,1075500.0,38407.5
144274,0,Cash loans,F,N,Y,0,180000.0,675000.0,28507.5
54605,1,Cash loans,M,Y,Y,0,180000.0,592560.0,32274.0
241435,0,Cash loans,M,N,Y,0,157500.0,327024.0,16033.5
38817,1,Cash loans,M,N,Y,0,54000.0,885762.0,26028.0
292047,0,Cash loans,M,N,Y,1,225000.0,1113840.0,57001.5
187694,1,Cash loans,F,N,Y,0,117000.0,1525500.0,49342.5
106423,0,Cash loans,M,N,Y,0,157500.0,738000.0,31396.5
291651,0,Cash loans,F,N,Y,1,135000.0,808650.0,26217.0
90185,0,Cash loans,M,Y,Y,0,202500.0,720000.0,30505.5
146373,0,Cash loans,F,N,Y,0,202500.0,975771.0,34699.5
225841,0,Cash loans,M,Y,Y,0,112500.0,107820.0,7420.5
4072,0,Revolving loans,F,Y,Y,0,117000.0,247500.0,12375.0
107955,1,Cash loans,F,N,Y,0,112500.0,258709.5,13653.0
81757,0,Cash loans,F,Y,Y,1,180000.0,417024.0,22621.5
38104,1,Cash loans,M,N,N,0,180000.0,497520.0,52920.0
75238,0,Cash loans,M,Y,Y,0,180000.0,1288350.0,41692.5
131895,0,Cash loans,F,N,N,0,90000.0,555273.0,16042.5
119253,0,Revolving loans,F,N,Y,0,90000.0,270000.0,13500.0
81463,0,Cash loans,F,N,Y,0,135000.0,755190.0,36328.5
57855,0,Cash loans,F,N,N,0,157500.0,254700.0,27022.5
48904,0,Cash loans,M,Y,Y,2,121500.0,610335.0,25654.5
47710,0,Cash loans,F,Y,N,0,157500.0,1755000.0,46296.0
80102,0,Cash loans,F,N,Y,3,36000.0,299772.0,11430.0
166992,0,Revolving loans,M,Y,Y,3,135000.0,405000.0,20250.0
233364,0,Cash loans,F,N,Y,0,90000.0,481176.0,23278.5
107824,0,Cash loans,F,N,N,0,157500.0,533668.5,25803.0
117737,0,Cash loans,F,N,N,0,45000.0,675000.0,21775.5
264673,1,Cash loans,F,N,Y,0,180000.0,258709.5,14980.5
247557,0,Revolving loans,F,Y,Y,0,112500.0,337500.0,16875.0
200005,0,Cash loans,F,N,Y,0,54000.0,95940.0,9472.5
165329,0,Cash loans,M,N,Y,2,76500.0,403330.5,19746.0
195522,0,Cash loans,F,N,N,0,157500.0,641173.5,21321.0
19151,0,Cash loans,M,N,Y,0,112500.0,904500.0,32616.0
167178,0,Cash loans,M,Y,N,0,540000.0,781920.0,40617.0
265040,0,Cash loans,F,N,Y,0,112500.0,535675.5,22693.5
255420,0,Cash loans,F,N,Y,0,112500.0,701721.0,33889.5
212343,0,Cash loans,F,N,Y,0,157500.0,427450.5,18958.5
165820,0,Cash loans,M,N,N,0,202500.0,161730.0,11632.5
281548,0,Cash loans,F,N,Y,0,157500.0,553806.0,26770.5
166031,0,Cash loans,F,Y,N,2,157500.0,781920.0,39852.0
216771,0,Cash loans,M,Y,Y,0,393750.0,942300.0,36643.5
210021,0,Cash loans,M,N,N,0,180000.0,360000.0,23625.0
35596,0,Cash loans,F,N,N,0,157500.0,2290743.0,62991.0
37976,0,Cash loans,F,N,Y,0,72000.0,203301.0,15196.5
10240,0,Cash loans,F,N,Y,0,130500.0,269550.0,11547.0
190052,0,Cash loans,F,N,Y,0,112500.0,679500.0,24201.0
16650,0,Cash loans,M,N,Y,0,157500.0,447768.0,28746.0
211285,0,Cash loans,F,N,Y,0,135000.0,302206.5,14004.0
147641,1,Cash loans,M,Y,Y,0,180000.0,239850.0,28593.0
75829,0,Cash loans,F,Y,Y,1,540000.0,1154655.0,45922.5
174582,0,Cash loans,F,Y,Y,1,81000.0,327024.0,21289.5
22068,0,Cash loans,F,N,Y,0,90000.0,679500.0,19998.0
61168,0,Cash loans,F,Y,N,2,157500.0,253737.0,27454.5
154239,0,Cash loans,F,N,Y,0,90000.0,134775.0,9715.5
269740,0,Cash loans,F,Y,Y,0,157500.0,1132573.5,37561.5
44708,0,Cash loans,M,N,Y,0,166500.0,679500.0,26946.0
240610,0,Cash loans,F,Y,Y,1,144000.0,332946.0,16015.5
294254,0,Cash loans,M,Y,Y,0,225000.0,592560.0,40216.5
127760,0,Cash loans,F,Y,N,0,315000.0,746280.0,59094.0
144260,0,Cash loans,F,Y,N,1,67500.0,225000.0,22252.5
168370,0,Cash loans,F,N,Y,0,135000.0,1288350.0,37800.0
118610,0,Cash loans,F,N,N,2,76500.0,407520.0,26172.0
179956,0,Cash loans,F,N,Y,0,135000.0,1305000.0,38286.0
41795,0,Cash loans,F,N,Y,0,166500.0,62361.0,6295.5
10550,0,Cash loans,F,N,N,0,202500.0,490495.5,26131.5
179434,0,Cash loans,M,N,Y,0,112500.0,472500.0,20146.5
227551,0,Cash loans,M,Y,N,0,180000.0,312768.0,24709.5
138576,0,Cash loans,M,Y,N,0,225000.0,239850.0,25447.5
175992,0,Cash loans,F,N,Y,1,94500.0,432000.0,20137.5
280679,0,Cash loans,F,N,Y,0,90000.0,942300.0,34749.0
6658,0,Cash loans,F,Y,Y,1,90000.0,814041.0,23800.5
88749,0,Cash loans,M,Y,N,2,126000.0,485640.0,44671.5
203453,0,Cash loans,F,N,Y,0,112500.0,700830.0,22738.5
86204,0,Cash loans,F,N,Y,0,63000.0,109453.5,11623.5
305674,0,Cash loans,M,Y,Y,0,180000.0,239850.0,25830.0
109877,0,Cash loans,M,Y,Y,0,315000.0,397017.0,18526.5
170124,0,Cash loans,M,N,Y,1,135000.0,215640.0,13158.0
5067,0,Cash loans,F,N,Y,0,45000.0,113211.0,5575.5
65880,0,Cash loans,F,N,Y,0,202500.0,1082214.0,31770.0
111483,0,Cash loans,F,N,Y,1,103500.0,1080000.0,31576.5
296093,0,Revolving loans,M,Y,Y,0,180000.0,405000.0,20250.0
199564,0,Cash loans,F,N,N,1,180000.0,1165558.5,38650.5
209025,0,Cash loans,F,N,Y,0,54000.0,47970.0,5166.0
170776,0,Cash loans,M,Y,N,0,121500.0,225000.0,8482.5
295504,0,Cash loans,F,N,Y,0,193500.0,746271.0,38232.0
138126,0,Cash loans,M,Y,Y,0,157500.0,675000.0,37822.5
78897,1,Revolving loans,M,Y,Y,0,180000.0,540000.0,27000.0
301056,0,Cash loans,F,Y,Y,1,135000.0,314100.0,16573.5
166229,0,Cash loans,F,Y,N,0,180000.0,431280.0,22149.0
301301,0,Cash loans,M,Y,N,0,135000.0,1185282.0,38367.0
66751,0,Cash loans,F,N,Y,0,207000.0,699322.5,37255.5
50196,1,Cash loans,F,N,Y,0,351000.0,679500.0,64647.0
66101,0,Revolving loans,F,N,Y,2,45000.0,135000.0,6750.0
11107,0,Cash loans,F,N,Y,0,112500.0,314055.0,13963.5
93799,0,Cash loans,M,N,Y,0,157500.0,584766.0,23319.0
14107,0,Cash loans,M,Y,N,0,225000.0,1006920.0,40063.5
240425,0,Cash loans,F,N,Y,1,225000.0,835380.0,35523.0
215943,0,Cash loans,F,Y,N,0,225000.0,241618.5,23665.5
206898,0,Cash loans,M,Y,N,0,117000.0,423000.0,11763.0
274192,0,Cash loans,M,Y,Y,3,225000.0,792000.0,31410.0
101222,0,Cash loans,F,Y,N,0,450000.0,497520.0,32391.0
261943,0,Cash loans,M,N,Y,0,387000.0,675000.0,24799.5
72410,0,Cash loans,F,Y,Y,0,135000.0,360000.0,26194.5
143546,1,Cash loans,F,N,N,0,112500.0,239850.0,25830.0
70280,0,Cash loans,F,N,N,0,157500.0,550980.0,35212.5
248855,0,Cash loans,M,Y,Y,0,130500.0,592560.0,30384.0
234786,1,Cash loans,M,N,N,0,202500.0,327024.0,21289.5
37442,0,Cash loans,M,N,N,0,36000.0,152820.0,10080.0
177432,0,Cash loans,F,N,Y,0,202500.0,772686.0,25056.0
182760,0,Revolving loans,F,N,Y,0,180000.0,292500.0,14625.0
262292,0,Cash loans,M,N,N,1,157500.0,808650.0,21460.5
199281,0,Cash loans,F,N,N,0,157500.0,269550.0,17428.5
184850,0,Cash loans,M,N,Y,0,90000.0,234000.0,11511.0
56998,0,Cash loans,F,Y,Y,0,94500.0,369000.0,24790.5
144639,0,Cash loans,M,Y,N,0,157500.0,229230.0,24817.5
84633,0,Cash loans,M,N,Y,0,103500.0,450000.0,23692.5
171625,0,Cash loans,F,N,Y,1,112500.0,539100.0,29245.5
99002,0,Cash loans,F,N,N,0,315000.0,1800000.0,62568.0
204964,0,Cash loans,F,N,Y,0,157500.0,755190.0,36459.0
242496,0,Cash loans,F,Y,N,1,112500.0,432567.0,19183.5
148352,1,Cash loans,M,N,Y,0,225000.0,422505.0,38880.0
125338,0,Cash loans,F,N,Y,0,112500.0,878733.0,28476.0
277171,0,Cash loans,F,N,N,2,180000.0,225000.0,24363.0
131920,0,Cash loans,M,Y,Y,0,247500.0,904500.0,62950.5
296828,0,Revolving loans,F,N,Y,0,135000.0,135000.0,6750.0
6341,0,Cash loans,F,N,Y,0,135000.0,521280.0,23089.5
199573,0,Cash loans,M,N,N,0,202500.0,640080.0,31261.5
78988,0,Cash loans,F,N,N,0,45000.0,286704.0,13923.0
97747,0,Cash loans,F,N,Y,0,139500.0,592560.0,26230.5
219786,1,Cash loans,F,N,Y,0,108900.0,436032.0,15790.5
243428,0,Cash loans,F,Y,N,0,72000.0,238500.0,8991.0
35423,0,Cash loans,F,N,N,0,180000.0,450000.0,24543.0
39446,0,Cash loans,F,N,Y,0,126000.0,454500.0,21865.5
294142,0,Cash loans,M,Y,N,0,180000.0,1125000.0,37179.0
178458,0,Cash loans,F,Y,Y,0,315000.0,381528.0,24511.5
44702,0,Cash loans,M,Y,N,0,180000.0,298512.0,16668.0
3912,0,Cash loans,M,Y,Y,1,180000.0,523597.5,25317.0
226671,0,Cash loans,F,Y,Y,0,49500.0,199467.0,9724.5
264433,0,Revolving loans,F,N,Y,0,135000.0,337500.0,16875.0
274738,0,Cash loans,F,N,Y,2,90000.0,117162.0,12748.5
217387,0,Cash loans,F,N,Y,1,121500.0,204768.0,13684.5
274335,1,Cash loans,F,N,N,1,112500.0,152820.0,16047.0
128139,0,Cash loans,M,Y,Y,1,202500.0,562491.0,26194.5
131611,0,Cash loans,F,N,N,0,90000.0,201474.0,19755.0
289632,0,Cash loans,F,N,Y,0,270000.0,1113840.0,44172.0
156970,0,Cash loans,F,N,Y,1,90000.0,543037.5,34834.5
295296,0,Cash loans,M,Y,N,0,450000.0,284400.0,18643.5
63487,0,Cash loans,M,Y,N,0,225000.0,900000.0,26316.0
228621,0,Cash loans,F,N,Y,1,90000.0,816660.0,23877.0
29821,0,Cash loans,M,N,Y,0,315000.0,641173.5,34911.0
116894,0,Cash loans,M,Y,Y,0,382500.0,450000.0,27193.5
55116,0,Revolving loans,F,N,Y,1,81000.0,180000.0,9000.0
182113,0,Cash loans,F,N,Y,0,67500.0,675000.0,21906.0
274749,0,Cash loans,F,N,Y,1,103500.0,728460.0,40806.0
240520,0,Cash loans,F,Y,Y,0,270000.0,1350000.0,53671.5
291129,0,Cash loans,F,N,Y,0,135000.0,755190.0,33394.5
302019,0,Cash loans,M,N,Y,1,225000.0,1072809.0,31495.5
237836,0,Revolving loans,F,N,Y,0,112500.0,180000.0,9000.0
181310,0,Cash loans,M,Y,Y,0,202500.0,497520.0,33376.5
105488,0,Cash loans,F,N,N,2,58500.0,343800.0,16155.0
273559,0,Cash loans,F,N,N,0,90000.0,900000.0,26316.0
292326,0,Cash loans,F,N,N,0,112500.0,390960.0,23755.5
163443,0,Cash loans,F,N,Y,0,81000.0,276277.5,12298.5
189896,0,Revolving loans,F,Y,Y,1,126000.0,315000.0,15750.0
49957,0,Cash loans,M,N,N,0,225000.0,900000.0,26446.5
28638,0,Revolving loans,F,N,N,1,81000.0,202500.0,10125.0
299951,0,Cash loans,F,N,Y,0,270000.0,942300.0,27679.5
105481,0,Cash loans,F,N,Y,1,112500.0,1078200.0,34780.5
109553,0,Cash loans,F,Y,N,1,180000.0,675000.0,29731.5
106661,0,Cash loans,F,N,N,0,158782.5,225000.0,14764.5
84045,0,Revolving loans,M,N,Y,2,135000.0,292500.0,14625.0
205381,0,Cash loans,M,N,N,0,112500.0,67500.0,7398.0
271737,0,Revolving loans,F,N,N,0,67500.0,180000.0,9000.0
203463,0,Revolving loans,F,Y,Y,1,157500.0,202500.0,10125.0
224082,0,Cash loans,F,Y,Y,0,270000.0,720000.0,21181.5
22788,0,Cash loans,M,Y,Y,0,247500.0,171000.0,17955.0
250267,1,Cash loans,F,N,Y,0,135000.0,835380.0,35523.0
53495,0,Revolving loans,F,N,Y,0,90000.0,247500.0,12375.0
14594,0,Cash loans,F,N,Y,0,157500.0,704844.0,26248.5
154039,0,Cash loans,F,N,Y,1,121500.0,360000.0,16911.0
6403,0,Cash loans,F,N,Y,1,103500.0,244584.0,16474.5
128169,0,Cash loans,M,Y,N,0,202500.0,462825.0,36697.5
178772,0,Cash loans,F,N,Y,1,180000.0,1288350.0,41692.5
258865,0,Cash loans,M,N,Y,0,148500.0,469152.0,24084.0
258508,0,Cash loans,F,Y,Y,2,216000.0,1567003.5,54598.5
159455,0,Cash loans,M,N,Y,1,225000.0,135000.0,7020.0
164053,0,Revolving loans,F,N,Y,2,117000.0,675000.0,33750.0
223862,0,Cash loans,M,N,Y,0,585000.0,675000.0,36616.5
288592,0,Cash loans,F,N,Y,0,225000.0,473760.0,44982.0
303501,0,Revolving loans,F,Y,Y,0,157500.0,135000.0,6750.0
246925,0,Cash loans,F,N,Y,0,180000.0,90000.0,5881.5
37582,0,Cash loans,M,N,Y,1,166500.0,675000.0,26284.5
119610,0,Cash loans,F,Y,Y,0,157500.0,473760.0,44293.5
275173,0,Cash loans,F,N,N,0,135000.0,675000.0,49248.0
229156,0,Cash loans,F,N,N,0,121500.0,180000.0,13041.0
107450,0,Cash loans,M,N,Y,1,180000.0,288994.5,30793.5
282232,0,Cash loans,F,N,Y,0,112500.0,566055.0,16681.5
266202,0,Cash loans,F,N,Y,0,54000.0,490495.5,26131.5
166940,0,Cash loans,M,N,N,0,189000.0,1333179.0,74443.5
183201,0,Cash loans,F,N,Y,0,180000.0,254700.0,26757.0
252524,0,Cash loans,F,N,N,0,225000.0,948582.0,27864.0
126378,0,Cash loans,M,Y,Y,1,225000.0,450000.0,35685.0
43655,0,Cash loans,F,N,Y,0,193684.5,225000.0,22027.5
97404,0,Cash loans,F,N,Y,0,216000.0,1154362.5,33880.5
215341,0,Cash loans,F,N,Y,0,1215000.0,454500.0,19386.0
117484,0,Cash loans,F,N,Y,0,57924.0,323388.0,16425.0
234577,0,Cash loans,F,N,Y,0,211500.0,971280.0,51876.0
59260,0,Cash loans,F,Y,Y,0,337500.0,956574.0,35577.0
139963,1,Cash loans,F,N,Y,0,225000.0,755190.0,30078.0
57405,0,Cash loans,F,N,Y,0,90000.0,526491.0,17527.5
49956,0,Cash loans,F,N,N,1,76500.0,639000.0,30739.5
113595,0,Cash loans,F,N,N,0,112500.0,360000.0,23404.5
253317,0,Cash loans,F,N,Y,1,81000.0,454500.0,18153.0
168911,0,Cash loans,F,N,Y,0,70578.0,225000.0,11781.0
138167,0,Cash loans,F,N,N,0,58500.0,526491.0,18909.0
252131,0,Cash loans,F,N,N,0,67500.0,1354500.0,35730.0
213706,0,Cash loans,M,Y,N,0,270000.0,225000.0,22252.5
95297,0,Cash loans,M,Y,N,0,202500.0,686295.0,20808.0
130389,0,Cash loans,F,N,Y,1,28723.5,225000.0,9657.0
272971,0,Cash loans,F,N,Y,0,225000.0,900000.0,47952.0
79974,1,Cash loans,F,N,N,3,270000.0,1256400.0,36864.0
76606,0,Cash loans,M,Y,Y,0,180000.0,278613.0,31639.5
288647,0,Cash loans,F,Y,Y,0,180000.0,284400.0,16011.0
158579,0,Cash loans,M,Y,N,0,495000.0,2295000.0,50670.0
64656,0,Cash loans,F,Y,Y,0,112500.0,225000.0,22050.0
254622,0,Cash loans,F,N,N,2,112500.0,1223010.0,51948.0
280384,0,Cash loans,M,N,N,0,225000.0,268659.0,32013.0
113692,0,Cash loans,F,N,N,2,135000.0,417024.0,21451.5
64107,0,Cash loans,F,N,Y,0,99000.0,254700.0,16407.0
5708,0,Cash loans,F,N,N,2,180000.0,254700.0,26874.0
126643,0,Revolving loans,M,Y,Y,1,135000.0,180000.0,9000.0
135067,0,Cash loans,M,N,Y,3,112500.0,143910.0,15268.5
186823,0,Cash loans,F,Y,N,0,315000.0,1978596.0,52321.5
29148,0,Cash loans,M,Y,Y,0,225000.0,1019610.0,36751.5
307137,0,Revolving loans,F,N,Y,0,139500.0,180000.0,9000.0
106232,0,Cash loans,F,N,Y,1,90000.0,436032.0,20457.0
19011,0,Cash loans,F,Y,N,2,67500.0,980937.0,41692.5
77932,0,Cash loans,F,N,N,0,144000.0,675000.0,19737.0
74951,0,Cash loans,F,N,Y,0,274500.0,1288350.0,37800.0
184811,0,Revolving loans,M,N,Y,0,112500.0,202500.0,10125.0
39239,1,Cash loans,F,N,Y,0,225000.0,545040.0,26640.0
135293,0,Cash loans,F,Y,N,0,450000.0,2085120.0,72607.5
37543,1,Cash loans,M,N,N,0,144000.0,247275.0,19417.5
29497,0,Cash loans,F,N,Y,0,157500.0,521280.0,27423.0
166988,1,Cash loans,F,N,Y,0,180000.0,1546020.0,40914.0
259991,0,Cash loans,F,N,N,2,229500.0,52767.0,5728.5
205048,0,Revolving loans,F,Y,Y,2,112500.0,247500.0,12375.0
3347,0,Cash loans,M,N,Y,1,315000.0,545040.0,35617.5
234644,0,Cash loans,M,Y,Y,0,90000.0,183384.0,12253.5
79300,0,Cash loans,F,N,Y,0,126000.0,269550.0,14112.0
151556,0,Cash loans,F,N,Y,0,90000.0,497520.0,33376.5
109282,0,Cash loans,F,N,N,0,72000.0,254700.0,24939.0
247938,0,Cash loans,F,N,Y,0,112500.0,486000.0,15808.5
77989,0,Cash loans,F,Y,N,0,135000.0,343377.0,10912.5
14844,0,Cash loans,M,N,Y,0,180000.0,450000.0,32742.0
127665,1,Cash loans,F,N,Y,2,157500.0,653328.0,21204.0
199244,0,Cash loans,F,N,N,0,90000.0,225000.0,14679.0
79667,1,Cash loans,F,N,Y,2,135000.0,545040.0,35617.5
62956,0,Cash loans,M,N,Y,0,225000.0,646920.0,20997.0
213788,0,Cash loans,F,Y,N,1,270000.0,675000.0,28728.0
230598,0,Cash loans,M,Y,Y,0,67500.0,307557.0,16812.0
56220,0,Cash loans,F,N,Y,0,180000.0,1237500.0,35595.0
88811,0,Cash loans,F,Y,N,0,144000.0,454500.0,21865.5
42650,0,Cash loans,F,Y,Y,0,112500.0,675000.0,28728.0
826,0,Cash loans,M,N,N,1,189000.0,1054935.0,44824.5
19159,0,Cash loans,F,Y,Y,2,157500.0,568800.0,15133.5
111122,0,Cash loans,M,Y,Y,0,139500.0,2517300.0,66532.5
71651,0,Cash loans,F,Y,Y,0,202500.0,472500.0,13122.0
254475,0,Cash loans,F,N,Y,0,76500.0,284400.0,22599.0
263211,0,Cash loans,M,N,Y,0,157500.0,136512.0,10912.5
255702,0,Cash loans,F,Y,Y,0,126000.0,450000.0,36211.5
95420,1,Cash loans,M,Y,Y,0,112500.0,754740.0,29376.0
218055,0,Cash loans,F,N,N,3,76500.0,426384.0,46048.5
111688,0,Cash loans,M,Y,N,0,180000.0,783927.0,37845.0
249526,0,Revolving loans,F,N,Y,0,112500.0,337500.0,16875.0
101503,1,Cash loans,M,Y,Y,0,270000.0,450000.0,35554.5
224811,0,Cash loans,F,N,N,0,126000.0,361674.0,28575.0
267225,0,Cash loans,M,Y,Y,0,202500.0,571486.5,29308.5
184436,0,Cash loans,F,N,Y,1,157500.0,243000.0,13311.0
124676,0,Cash loans,F,N,N,0,135000.0,270000.0,11569.5
95958,0,Cash loans,M,Y,N,0,135000.0,1125000.0,32895.0
145812,0,Cash loans,F,N,Y,2,135000.0,904500.0,26446.5
101287,0,Cash loans,F,N,Y,1,135000.0,622413.0,31909.5
36991,0,Cash loans,F,Y,Y,1,270000.0,891072.0,35469.0
203579,0,Cash loans,M,N,Y,2,99000.0,388512.0,35761.5
99777,1,Revolving loans,F,N,Y,1,117000.0,270000.0,13500.0
198133,0,Cash loans,F,N,Y,0,225000.0,437877.0,22486.5
224740,0,Cash loans,M,Y,Y,0,202500.0,1035832.5,33543.0
200599,0,Cash loans,F,N,N,0,90000.0,490500.0,17748.0
160410,0,Cash loans,M,Y,Y,1,315000.0,1314117.0,38551.5
112644,0,Cash loans,F,N,Y,0,202500.0,248760.0,26248.5
54569,0,Cash loans,M,Y,Y,0,121500.0,104256.0,10813.5
250302,1,Cash loans,M,N,N,0,112500.0,254700.0,16582.5
17704,0,Cash loans,F,N,Y,0,99000.0,405000.0,12717.0
153498,0,Cash loans,M,Y,Y,1,225000.0,450000.0,30442.5
63934,0,Cash loans,M,N,Y,0,189000.0,417024.0,28341.0
48128,0,Cash loans,F,N,N,0,225000.0,1468719.0,38740.5
125693,0,Cash loans,F,N,N,0,180000.0,1724220.0,47412.0
100249,0,Cash loans,F,N,Y,0,135000.0,479578.5,23071.5
23228,0,Cash loans,M,Y,Y,0,81000.0,148365.0,9954.0
161407,0,Cash loans,F,Y,N,0,180000.0,584766.0,23319.0
99204,0,Cash loans,M,N,Y,0,135000.0,254700.0,14620.5
269770,0,Cash loans,F,N,Y,0,110250.0,254700.0,25321.5
49608,0,Cash loans,F,N,Y,0,108000.0,157500.0,8374.5
220430,0,Cash loans,F,N,N,0,112500.0,381528.0,18553.5
219964,0,Cash loans,M,Y,Y,0,202500.0,352044.0,17253.0
144696,0,Cash loans,F,N,N,3,63000.0,111384.0,9058.5
72620,0,Cash loans,F,N,Y,2,225000.0,1125000.0,60070.5
296925,0,Cash loans,F,N,Y,0,112500.0,225000.0,22383.0
102685,0,Cash loans,F,N,Y,0,135000.0,1007761.5,38385.0
121944,0,Cash loans,M,N,Y,0,112500.0,182016.0,11763.0
246460,0,Cash loans,M,Y,Y,1,270000.0,808650.0,23773.5
213580,0,Cash loans,M,Y,Y,2,225000.0,874363.5,39510.0
44644,0,Cash loans,F,Y,Y,0,265500.0,760225.5,34483.5
178258,0,Cash loans,F,N,N,0,112500.0,863226.0,33907.5
122572,0,Cash loans,F,N,N,0,90000.0,225000.0,10944.0
241897,0,Cash loans,F,Y,N,2,112500.0,783000.0,23022.0
234889,0,Cash loans,F,N,Y,1,81000.0,272520.0,17545.5
5284,0,Cash loans,F,N,N,0,112500.0,945000.0,25056.0
165684,0,Cash loans,M,Y,Y,1,135000.0,225000.0,25515.0
75371,0,Cash loans,F,N,Y,0,90000.0,566055.0,16681.5
287882,0,Cash loans,F,N,Y,0,216000.0,1125000.0,62950.5
281145,0,Cash loans,F,Y,Y,1,157500.0,555273.0,16366.5
207987,0,Cash loans,F,Y,Y,0,270000.0,1259626.5,50085.0
304898,0,Cash loans,F,N,Y,2,135000.0,285264.0,33984.0
149079,0,Cash loans,M,Y,Y,1,180000.0,310671.0,20358.0
205330,0,Cash loans,F,N,Y,0,112500.0,299772.0,16866.0
137173,0,Revolving loans,F,N,Y,0,112500.0,225000.0,11250.0
166850,0,Cash loans,M,Y,Y,0,72000.0,1339884.0,36976.5
230465,0,Cash loans,F,Y,N,0,216000.0,481495.5,36000.0
218714,0,Cash loans,F,Y,Y,1,202500.0,450000.0,41643.0
276177,0,Cash loans,F,Y,N,0,202500.0,552555.0,28341.0
193912,0,Cash loans,M,Y,Y,0,225000.0,760225.5,34483.5
161255,0,Cash loans,F,N,N,0,180000.0,945000.0,40036.5
251598,0,Cash loans,F,N,Y,0,112500.0,454500.0,21996.0
247126,0,Cash loans,F,N,N,1,99000.0,675000.0,38749.5
15738,0,Cash loans,F,N,Y,1,63000.0,327024.0,18904.5
2593,0,Cash loans,F,N,Y,1,90000.0,509922.0,49806.0
303847,0,Cash loans,M,N,Y,3,90000.0,630000.0,34308.0
74466,0,Cash loans,M,Y,N,0,270000.0,585000.0,37386.0
7103,0,Cash loans,F,N,N,1,135000.0,640080.0,24259.5
46972,0,Revolving loans,F,N,Y,0,90000.0,202500.0,10125.0
190542,0,Revolving loans,M,N,Y,0,144000.0,135000.0,6750.0
109987,0,Cash loans,M,N,Y,4,144000.0,448056.0,21919.5
110220,0,Cash loans,M,Y,N,0,247500.0,145557.0,7560.0
40163,0,Cash loans,F,Y,Y,1,157500.0,545040.0,34960.5
162843,0,Cash loans,M,N,N,0,112500.0,684000.0,20128.5
303473,0,Cash loans,M,N,Y,0,180000.0,325908.0,13936.5
144088,0,Cash loans,F,N,Y,0,292500.0,843088.5,43177.5
77820,1,Cash loans,F,N,Y,0,81000.0,207306.0,12654.0
50953,0,Cash loans,F,Y,N,0,157500.0,325908.0,15808.5
280893,0,Cash loans,F,N,Y,0,112500.0,203760.0,11826.0
801,0,Cash loans,F,N,Y,0,108000.0,760225.5,30280.5
30177,0,Cash loans,F,Y,Y,0,243000.0,254700.0,25321.5
136908,0,Cash loans,F,N,Y,2,360000.0,601470.0,32760.0
201092,1,Cash loans,M,N,Y,2,225000.0,594121.5,30465.0
211075,0,Revolving loans,F,Y,Y,0,144000.0,135000.0,6750.0
73400,0,Cash loans,M,Y,N,1,169182.0,1507500.0,41584.5
71788,0,Cash loans,M,Y,Y,0,189000.0,270000.0,13783.5
136556,0,Cash loans,F,N,Y,1,112500.0,188460.0,9994.5
121885,0,Cash loans,F,N,N,0,112500.0,1288350.0,37800.0
222667,0,Cash loans,F,Y,N,1,135000.0,508495.5,24592.5
93661,0,Cash loans,F,N,Y,0,265500.0,704178.0,49140.0
77484,0,Cash loans,F,N,N,0,112500.0,1288350.0,35559.0
152720,0,Cash loans,F,N,Y,2,315000.0,675000.0,28728.0
147247,0,Cash loans,M,Y,N,0,112500.0,352044.0,17253.0
103347,0,Cash loans,M,Y,Y,0,225000.0,557770.5,28606.5
202544,0,Cash loans,F,N,Y,0,112500.0,566055.0,16681.5
155240,0,Cash loans,F,Y,N,0,81000.0,312768.0,16506.0
288177,0,Cash loans,M,Y,N,0,180000.0,781920.0,47965.5
200686,0,Cash loans,M,N,Y,0,225000.0,497520.0,36184.5
94042,0,Cash loans,M,Y,Y,0,135000.0,203760.0,23116.5
38217,0,Cash loans,M,Y,N,1,540000.0,1350000.0,68710.5
15056,1,Revolving loans,F,N,Y,1,90000.0,202500.0,10125.0
190151,0,Cash loans,F,N,Y,0,121500.0,943902.0,63463.5
264613,0,Revolving loans,F,N,Y,2,90000.0,270000.0,13500.0
280498,0,Cash loans,F,N,N,1,67500.0,225000.0,16002.0
142166,0,Cash loans,M,Y,Y,2,78750.0,630000.0,20452.5
53096,0,Cash loans,F,Y,Y,0,166500.0,592560.0,30253.5
207446,0,Cash loans,M,N,Y,0,157500.0,835380.0,40320.0
123860,0,Cash loans,M,Y,N,0,247500.0,450000.0,20979.0
854,0,Cash loans,F,Y,Y,0,126000.0,1008117.0,29475.0
193721,0,Cash loans,F,Y,Y,0,180000.0,634360.5,32386.5
247435,0,Cash loans,F,N,N,0,360000.0,1611072.0,44302.5
98433,0,Cash loans,F,N,Y,0,162000.0,223465.5,14931.0
228347,0,Cash loans,F,N,Y,0,90000.0,634482.0,18679.5
47050,0,Revolving loans,F,Y,Y,0,144000.0,337500.0,16875.0
284017,1,Cash loans,F,N,Y,0,112500.0,545040.0,20677.5
47659,0,Cash loans,F,N,Y,0,166500.0,539100.0,27652.5
249178,0,Revolving loans,F,Y,N,0,112500.0,180000.0,9000.0
285392,1,Cash loans,F,Y,Y,0,90000.0,753840.0,20016.0
273553,0,Cash loans,F,N,Y,0,135000.0,900000.0,26446.5
154671,0,Cash loans,F,N,N,2,135000.0,343800.0,10552.5
197582,0,Cash loans,F,Y,Y,0,157500.0,1305000.0,36018.0
278603,0,Cash loans,M,Y,Y,1,202500.0,675000.0,26284.5
157810,0,Revolving loans,F,N,Y,0,99000.0,247500.0,12375.0
247698,0,Cash loans,F,N,Y,0,135000.0,319981.5,13684.5
168781,0,Cash loans,F,N,N,1,247500.0,835380.0,38839.5
238738,0,Cash loans,F,N,Y,0,81000.0,237384.0,16056.0
192601,0,Cash loans,M,N,N,1,67500.0,76752.0,9238.5
37033,0,Cash loans,M,Y,N,0,90000.0,555273.0,18040.5
239076,0,Revolving loans,M,Y,Y,1,234000.0,270000.0,13500.0
62015,0,Cash loans,M,N,Y,1,157500.0,183694.5,13495.5
177677,0,Cash loans,F,Y,Y,1,135000.0,450000.0,28890.0
141267,0,Cash loans,F,N,N,0,157500.0,625536.0,19093.5
30629,0,Cash loans,F,Y,N,2,123750.0,675000.0,26284.5
18385,0,Cash loans,F,N,N,1,157500.0,640080.0,29970.0
205816,0,Revolving loans,F,N,N,0,72000.0,180000.0,9000.0
54412,0,Cash loans,F,N,Y,0,202500.0,1325475.0,56290.5
52067,1,Cash loans,M,Y,N,2,378000.0,398016.0,28971.0
19301,1,Cash loans,M,Y,Y,0,202500.0,460858.5,17500.5
240109,0,Cash loans,F,Y,Y,0,130500.0,675000.0,22068.0
254104,0,Cash loans,F,N,Y,0,135000.0,900000.0,38263.5
75385,0,Cash loans,M,N,N,0,103500.0,454500.0,17311.5
304602,0,Cash loans,M,Y,Y,0,135000.0,301464.0,19395.0
7832,0,Cash loans,F,N,Y,0,135000.0,544491.0,16695.0
41308,0,Cash loans,M,Y,N,0,270000.0,1162170.0,33979.5
1992,1,Cash loans,M,Y,Y,1,229500.0,888840.0,29376.0
78241,0,Cash loans,F,N,Y,0,202500.0,518562.0,36220.5
171089,0,Cash loans,M,Y,Y,1,234184.5,1026922.5,32373.0
26863,0,Revolving loans,F,Y,N,0,270000.0,720000.0,36000.0
10734,0,Cash loans,F,N,Y,0,180000.0,536917.5,17577.0
20052,0,Cash loans,M,Y,Y,0,121500.0,610335.0,20299.5
109710,0,Cash loans,F,Y,Y,1,225000.0,1288350.0,37800.0
62008,0,Cash loans,F,N,Y,0,247500.0,296505.0,23076.0
288889,0,Cash loans,F,N,Y,2,450000.0,974794.5,32346.0
21556,0,Cash loans,F,N,Y,0,112500.0,61128.0,6174.0
299909,0,Cash loans,M,N,Y,0,90000.0,225000.0,11911.5
68483,0,Revolving loans,M,N,Y,0,202500.0,1237500.0,61875.0
295968,0,Cash loans,F,N,Y,1,112500.0,841500.0,24601.5
286220,0,Revolving loans,F,N,N,3,135000.0,247500.0,12375.0
110294,0,Cash loans,M,Y,N,0,135000.0,472500.0,24133.5
154912,0,Cash loans,M,N,Y,0,49500.0,234324.0,13450.5
73684,1,Cash loans,F,Y,N,0,99000.0,1288350.0,37800.0
245067,0,Revolving loans,M,Y,Y,1,90000.0,202500.0,10125.0
43933,0,Cash loans,F,N,N,0,90000.0,254700.0,17019.0
947,0,Cash loans,F,N,Y,0,112500.0,819432.0,23958.0
89548,0,Cash loans,F,N,N,0,157500.0,720000.0,21051.0
19050,0,Revolving loans,M,N,Y,0,180000.0,202500.0,10125.0
235511,0,Cash loans,F,N,N,0,54000.0,101880.0,11101.5
210337,0,Cash loans,F,N,Y,1,157500.0,273636.0,29164.5
141492,0,Revolving loans,M,Y,N,0,148500.0,427500.0,21375.0
297532,0,Cash loans,F,N,N,0,675000.0,1800000.0,47614.5
117493,0,Cash loans,M,Y,N,0,270000.0,495000.0,15795.0
140709,0,Cash loans,F,N,N,1,67500.0,450000.0,23107.5
220101,0,Cash loans,F,N,Y,0,90000.0,170640.0,11533.5
197601,0,Cash loans,F,Y,Y,0,270000.0,1228500.0,39627.0
23999,0,Cash loans,F,Y,N,0,202500.0,1096020.0,52857.0
278228,0,Cash loans,M,Y,Y,0,225000.0,900000.0,29164.5
301070,0,Cash loans,F,N,N,0,112500.0,497520.0,27778.5
237547,1,Cash loans,M,Y,Y,0,270000.0,325908.0,22045.5
71431,0,Cash loans,F,N,N,0,315000.0,1575000.0,58369.5
152564,0,Cash loans,M,Y,Y,1,112500.0,313438.5,35491.5
129256,0,Cash loans,M,N,Y,0,135000.0,256500.0,14044.5
13308,0,Cash loans,F,Y,Y,2,103500.0,241618.5,23665.5
239533,0,Cash loans,M,N,Y,0,90000.0,86346.0,8667.0
199734,0,Cash loans,F,Y,Y,0,225000.0,542133.0,22918.5
65188,0,Cash loans,F,N,Y,0,81000.0,143910.0,15628.5
70183,0,Cash loans,F,N,N,0,202500.0,625536.0,26500.5
50590,0,Cash loans,M,Y,Y,0,202500.0,485640.0,38263.5
71315,0,Cash loans,F,N,Y,0,81000.0,95940.0,9472.5
178402,0,Revolving loans,M,N,Y,0,90000.0,180000.0,9000.0
29789,0,Cash loans,M,Y,Y,1,202500.0,375322.5,30091.5
220355,0,Cash loans,F,N,Y,1,135000.0,675000.0,32602.5
284452,0,Cash loans,M,N,Y,0,112500.0,448056.0,21015.0
15821,0,Cash loans,M,N,Y,0,135000.0,805500.0,26748.0
175223,0,Cash loans,F,Y,N,0,67500.0,675000.0,26284.5
2364,0,Cash loans,M,Y,N,0,135000.0,239850.0,23850.0
99182,0,Revolving loans,F,N,Y,2,67500.0,135000.0,6750.0
215716,0,Cash loans,M,Y,Y,0,171000.0,1006920.0,40063.5
171155,0,Cash loans,F,N,N,2,67500.0,76410.0,7573.5
65125,0,Cash loans,M,N,N,2,90000.0,886176.0,29416.5
141464,0,Cash loans,F,Y,Y,0,150750.0,267102.0,18589.5
208191,0,Cash loans,F,N,N,2,117000.0,450000.0,20979.0
210397,0,Cash loans,F,N,N,0,180000.0,675000.0,21906.0
31088,0,Cash loans,F,Y,Y,0,135000.0,472500.0,24255.0
72774,0,Cash loans,F,N,Y,0,72000.0,199080.0,7632.0
299578,0,Cash loans,F,N,Y,2,135000.0,664299.0,52483.5
118128,0,Cash loans,F,N,Y,0,202500.0,521280.0,31630.5
71520,0,Cash loans,F,N,Y,0,157500.0,450000.0,21888.0
291362,0,Cash loans,M,Y,Y,1,405000.0,182016.0,10579.5
260410,0,Cash loans,M,Y,N,2,180000.0,781920.0,28084.5
6958,0,Cash loans,F,N,Y,0,360000.0,1236816.0,36292.5
227151,0,Cash loans,M,Y,Y,0,202500.0,112500.0,12114.0
160667,0,Cash loans,F,N,Y,0,67500.0,49500.0,5715.0
155427,0,Cash loans,F,N,Y,0,157500.0,1223010.0,48631.5
148914,0,Cash loans,M,Y,N,0,157500.0,284400.0,16456.5
181355,0,Cash loans,F,N,N,0,76500.0,450000.0,13027.5
277446,0,Cash loans,F,N,Y,1,360000.0,568908.0,27499.5
43841,0,Cash loans,M,N,Y,0,90000.0,101880.0,10053.0
43106,0,Cash loans,F,N,Y,0,202500.0,760225.5,30280.5
284132,0,Cash loans,F,N,Y,0,112500.0,760225.5,32337.0
115797,0,Cash loans,M,N,N,0,180000.0,325377.0,29839.5
224403,0,Cash loans,F,N,N,1,157500.0,562932.0,26212.5
164760,0,Cash loans,F,N,Y,0,90000.0,252000.0,23562.0
139743,0,Cash loans,F,N,Y,0,72450.0,547344.0,17478.0
112747,0,Cash loans,F,Y,N,0,315000.0,1467612.0,58203.0
59764,0,Cash loans,M,N,Y,2,54000.0,229500.0,12577.5
143129,0,Cash loans,M,N,Y,0,112500.0,198085.5,20929.5
104525,0,Cash loans,F,N,Y,0,346500.0,763056.0,27535.5
206183,0,Cash loans,F,N,N,0,225000.0,315000.0,21924.0
241497,0,Cash loans,M,N,N,0,270000.0,1546020.0,49873.5
53534,0,Cash loans,F,Y,Y,0,112500.0,900000.0,38263.5
263466,0,Cash loans,F,N,Y,0,225000.0,592560.0,26230.5
303653,0,Cash loans,M,N,Y,0,450000.0,741235.5,32778.0
10486,0,Revolving loans,F,N,Y,0,450000.0,1350000.0,67500.0
130010,0,Cash loans,F,N,Y,0,121500.0,135000.0,9526.5
265005,0,Cash loans,M,Y,N,0,180000.0,450000.0,21649.5
299855,0,Cash loans,M,N,N,1,144000.0,225000.0,11074.5
208515,0,Cash loans,M,N,N,0,135000.0,675000.0,22306.5
105144,0,Cash loans,M,Y,Y,0,225000.0,1019614.5,52191.0
57559,0,Cash loans,F,N,Y,2,54000.0,639396.0,27090.0
286053,0,Cash loans,M,Y,Y,0,112500.0,373140.0,27171.0
277020,0,Cash loans,F,N,N,0,121500.0,291915.0,10948.5
128931,0,Revolving loans,F,N,N,0,94500.0,180000.0,9000.0
256109,0,Cash loans,M,Y,N,0,112500.0,1319269.5,37809.0
115433,0,Cash loans,F,N,Y,0,90000.0,454500.0,20020.5
68894,0,Cash loans,F,Y,Y,0,180000.0,2196000.0,58059.0
23034,1,Cash loans,F,Y,Y,0,157500.0,497520.0,36184.5
245891,0,Cash loans,F,N,Y,0,252000.0,228915.0,16654.5
50420,0,Cash loans,F,N,N,0,202500.0,808650.0,26086.5
35316,0,Cash loans,M,Y,Y,0,135000.0,814041.0,23800.5
285111,0,Revolving loans,F,N,Y,0,270000.0,337500.0,16875.0
106332,1,Cash loans,M,N,Y,0,144000.0,592560.0,26230.5
283583,0,Cash loans,F,N,Y,2,225000.0,225000.0,23625.0
175925,0,Cash loans,F,N,Y,0,157500.0,360000.0,35199.0
107582,0,Cash loans,F,N,Y,0,180000.0,749349.0,24304.5
256771,0,Cash loans,F,N,Y,0,153000.0,271066.5,21546.0
276846,0,Cash loans,F,N,N,1,247500.0,237024.0,15147.0
24193,0,Cash loans,M,Y,N,0,270000.0,1890000.0,70173.0
37562,0,Cash loans,F,N,Y,1,76500.0,269550.0,14242.5
8949,0,Cash loans,F,N,N,0,225000.0,1341000.0,39339.0
231950,0,Revolving loans,F,N,N,0,81000.0,180000.0,9000.0
23639,0,Cash loans,F,N,Y,0,144000.0,517500.0,16690.5
169875,0,Cash loans,F,N,Y,0,247500.0,508495.5,36292.5
175648,0,Cash loans,M,Y,N,2,135000.0,238500.0,20533.5
281908,0,Cash loans,M,N,N,2,112500.0,52128.0,6313.5
160366,0,Cash loans,M,N,Y,0,225000.0,2156400.0,59431.5
143528,0,Cash loans,F,N,Y,1,112500.0,544491.0,16047.0
292518,0,Cash loans,F,N,Y,0,157500.0,808650.0,23773.5
189230,0,Cash loans,M,Y,N,0,202500.0,450000.0,30442.5
120934,0,Cash loans,F,N,Y,0,162000.0,261288.0,12838.5
266016,0,Cash loans,F,N,N,1,157500.0,194742.0,10192.5
138003,0,Cash loans,F,N,Y,3,112500.0,452385.0,29038.5
132677,0,Cash loans,F,N,Y,0,180000.0,239850.0,23494.5
103676,0,Revolving loans,F,N,Y,1,81000.0,180000.0,9000.0
29080,0,Cash loans,F,N,Y,2,112500.0,284400.0,18643.5
26651,0,Cash loans,F,N,Y,0,162000.0,945000.0,40167.0
227859,0,Cash loans,F,N,Y,1,90000.0,222768.0,20560.5
16350,0,Cash loans,F,N,N,0,135000.0,322213.5,29551.5
142048,0,Cash loans,F,Y,Y,1,90000.0,521280.0,25209.0
46412,0,Cash loans,M,Y,Y,0,157500.0,1125000.0,32895.0
57867,0,Cash loans,F,N,Y,1,135000.0,301500.0,13410.0
27818,0,Cash loans,M,N,N,1,270000.0,900000.0,32017.5
238050,0,Cash loans,M,N,Y,2,180000.0,1118286.0,36072.0
228348,0,Cash loans,F,N,Y,0,90000.0,808650.0,26217.0
211373,0,Cash loans,M,N,Y,2,99000.0,50940.0,5616.0
159383,0,Cash loans,M,Y,Y,0,148500.0,338314.5,22738.5
79022,0,Cash loans,M,Y,Y,0,360000.0,170640.0,13612.5
217415,0,Cash loans,F,N,N,1,123750.0,945000.0,40167.0
267970,0,Cash loans,M,Y,N,0,450000.0,787500.0,23026.5
156415,0,Revolving loans,F,Y,Y,0,90000.0,270000.0,13500.0
203551,0,Cash loans,M,N,Y,0,270000.0,263686.5,29952.0
72577,0,Cash loans,F,N,Y,0,144000.0,450000.0,21109.5
172496,0,Cash loans,F,Y,Y,0,121500.0,808650.0,23773.5
279001,0,Cash loans,M,Y,Y,0,288000.0,1552221.0,48870.0
218497,0,Cash loans,F,N,Y,0,162000.0,785398.5,30042.0
39521,0,Cash loans,F,N,Y,0,112500.0,781920.0,25969.5
24029,0,Cash loans,M,Y,Y,0,252000.0,835380.0,42840.0
80771,0,Cash loans,M,Y,Y,0,585000.0,835380.0,40320.0
85590,0,Cash loans,F,N,N,1,67500.0,263844.0,14440.5
142157,0,Cash loans,F,Y,Y,2,67500.0,331632.0,35316.0
250110,0,Cash loans,F,N,N,2,180000.0,922266.0,47218.5
156441,0,Cash loans,F,N,Y,2,180000.0,269550.0,21739.5
103323,0,Cash loans,F,N,Y,0,225000.0,491031.0,31747.5
168611,0,Cash loans,F,N,Y,0,72000.0,539100.0,25933.5
83394,0,Cash loans,F,N,Y,0,180000.0,472500.0,28903.5
92384,0,Cash loans,M,Y,Y,2,270000.0,251091.0,29929.5
161214,0,Revolving loans,M,Y,Y,0,270000.0,270000.0,13500.0
159577,0,Cash loans,F,N,Y,0,58500.0,254700.0,14350.5
164363,0,Cash loans,F,Y,N,2,90000.0,675000.0,32472.0
194926,0,Cash loans,F,N,N,0,54000.0,1260000.0,34650.0
184288,0,Cash loans,F,Y,N,1,135000.0,1046142.0,30109.5
124773,0,Cash loans,F,N,Y,1,180000.0,1189773.0,40864.5
63420,0,Revolving loans,F,N,Y,0,252000.0,270000.0,13500.0
247293,0,Cash loans,F,N,N,0,157500.0,1575000.0,54747.0
231092,0,Cash loans,F,N,Y,0,157500.0,288562.5,14787.0
