,TARGET,CONTRACT_TYPE,CODE_GENDER,FLAG_OWN_CAR,FLAG_OWN_REALTY,CNT_CHILDREN,AMT_INCOME_TOTAL,AMT_CREDIT,AMT_ANNUITY
110196,0,Cash loans,F,N,Y,0,67500.0,47970.0,4873.5
104617,0,Cash loans,F,N,Y,0,135000.0,647046.0,25200.0
146298,0,Revolving loans,M,Y,Y,0,180000.0,270000.0,13500.0
90458,0,Cash loans,F,N,Y,1,90000.0,450000.0,16677.0
1947,0,Cash loans,M,N,N,0,112500.0,427869.0,22153.5
272171,0,Cash loans,M,N,Y,1,112500.0,499221.0,25618.5
67730,0,Cash loans,M,Y,Y,0,270000.0,454500.0,26091.0
75664,1,Cash loans,F,N,N,0,180000.0,2687355.0,67932.0
4890,0,Cash loans,M,Y,N,0,135000.0,1485000.0,45153.0
77930,0,Cash loans,F,N,Y,0,76500.0,1040463.0,30550.5
227308,0,Cash loans,F,Y,Y,2,112500.0,315000.0,15151.5
274065,0,Cash loans,F,Y,Y,2,225000.0,1125000.0,33025.5
173050,0,Cash loans,F,N,Y,1,112500.0,495882.0,39307.5
91941,0,Cash loans,F,N,Y,2,67500.0,148365.0,11781.0
240150,0,Cash loans,F,N,Y,0,202500.0,619749.0,43263.0
145259,0,Cash loans,F,Y,N,0,202500.0,770292.0,30676.5
245635,0,Cash loans,F,N,Y,0,157500.0,571446.0,16839.0
2261,0,Cash loans,M,N,Y,0,135000.0,497520.0,33246.0
158398,0,Cash loans,F,N,Y,0,112500.0,1354500.0,37377.0
93342,0,Cash loans,F,Y,Y,2,225000.0,397881.0,22347.0
49396,0,Cash loans,F,N,N,1,202500.0,1009566.0,33493.5
227911,0,Cash loans,F,Y,N,2,144000.0,378000.0,29682.0
144543,0,Cash loans,F,N,Y,0,202500.0,513531.0,22747.5
204842,0,Cash loans,F,Y,Y,1,180000.0,523957.5,51174.0
206532,1,Cash loans,M,N,N,0,202500.0,450000.0,12001.5
273422,1,Cash loans,M,N,Y,3,112500.0,808650.0,31464.0
287384,0,Revolving loans,M,N,N,1,135000.0,270000.0,13500.0
180185,0,Cash loans,M,N,Y,1,157500.0,808650.0,31464.0
73074,1,Cash loans,M,Y,N,0,171000.0,450000.0,22018.5
50658,0,Cash loans,F,N,Y,0,135000.0,900000.0,26316.0
178710,0,Cash loans,F,N,N,2,81000.0,1303812.0,35982.0
183887,0,Cash loans,F,Y,Y,0,270000.0,1125000.0,62950.5
287892,0,Cash loans,F,N,N,0,90000.0,675000.0,28728.0
290588,0,Cash loans,M,N,Y,0,171000.0,310671.0,15241.5
271899,0,Cash loans,F,N,Y,0,135000.0,497520.0,33376.5
27770,0,Cash loans,F,N,Y,0,112500.0,508495.5,21672.0
133419,0,Cash loans,F,N,Y,0,45000.0,544491.0,16047.0
123067,0,Cash loans,F,N,N,2,45000.0,225000.0,12204.0
68079,0,Cash loans,F,N,Y,1,360000.0,1032133.5,34240.5
213949,0,Cash loans,M,N,Y,2,135000.0,288562.5,19413.0
171817,0,Cash loans,M,Y,N,1,45000.0,135000.0,7020.0
3383,0,Cash loans,M,N,Y,0,270000.0,654498.0,31617.0
211558,0,Cash loans,F,N,Y,0,202500.0,755190.0,36459.0
254106,0,Cash loans,F,N,Y,0,56250.0,254700.0,14350.5
21200,0,Cash loans,F,N,Y,0,225000.0,929088.0,33502.5
164359,0,Cash loans,F,N,Y,0,85500.0,536917.5,28737.0
180610,0,Cash loans,F,Y,N,0,112500.0,241618.5,23665.5
227759,0,Cash loans,M,N,N,1,135000.0,197820.0,15988.5
88204,0,Cash loans,M,N,N,0,180000.0,229230.0,24453.0
50368,0,Cash loans,M,Y,Y,0,157500.0,539100.0,29376.0
303948,0,Cash loans,F,N,Y,0,180000.0,239850.0,23364.0
287305,0,Cash loans,F,Y,Y,0,123750.0,544491.0,21226.5
111848,0,Revolving loans,F,N,Y,1,81000.0,225000.0,11250.0
95963,0,Cash loans,F,N,Y,0,180000.0,832500.0,24340.5
209716,0,Cash loans,F,Y,N,0,202500.0,112500.0,10539.0
512,0,Cash loans,M,N,Y,0,103500.0,302076.0,26055.0
51189,0,Revolving loans,M,N,Y,0,202500.0,270000.0,13500.0
122767,0,Cash loans,M,N,Y,0,135000.0,545040.0,25537.5
16539,0,Cash loans,F,N,Y,0,202500.0,454500.0,13023.0
105501,0,Cash loans,F,N,N,0,76500.0,269550.0,11416.5
240809,0,Cash loans,F,Y,N,0,360000.0,521280.0,27292.5
265835,1,Cash loans,M,Y,Y,0,202500.0,258709.5,30834.0
92701,1,Cash loans,M,Y,Y,0,157500.0,592560.0,31153.5
137077,0,Cash loans,F,Y,Y,0,99000.0,71955.0,7879.5
26369,0,Cash loans,F,N,Y,0,112500.0,284400.0,16011.0
169813,0,Cash loans,M,Y,Y,0,94500.0,630000.0,20452.5
139228,0,Cash loans,M,N,N,0,193500.0,553581.0,40414.5
290221,0,Cash loans,F,Y,N,1,171000.0,835380.0,33259.5
175327,0,Cash loans,M,Y,Y,0,180000.0,1575000.0,43443.0
99245,0,Cash loans,F,Y,Y,1,202500.0,177489.0,18315.0
76561,0,Cash loans,F,N,Y,0,85500.0,544491.0,17563.5
144259,0,Revolving loans,M,N,N,0,180000.0,450000.0,22500.0
44002,0,Cash loans,F,N,Y,0,112500.0,288972.0,12370.5
144178,0,Revolving loans,F,N,Y,0,180000.0,337500.0,16875.0
49819,0,Cash loans,M,Y,N,0,270000.0,167895.0,16605.0
113051,1,Cash loans,M,Y,N,0,202500.0,533304.0,36207.0
68479,0,Cash loans,F,N,Y,0,103500.0,312768.0,24709.5
1502,0,Cash loans,M,N,Y,0,292500.0,729000.0,38970.0
81010,0,Cash loans,M,N,Y,0,202500.0,355536.0,13306.5
162829,0,Cash loans,F,N,N,2,247500.0,1528200.0,53248.5
301421,0,Cash loans,M,N,Y,0,450000.0,1190340.0,63549.0
113508,0,Cash loans,F,Y,Y,1,405000.0,820638.0,63639.0
137347,0,Cash loans,F,N,Y,0,157500.0,518562.0,26604.0
116485,0,Cash loans,F,N,Y,0,180000.0,452385.0,22131.0
21582,0,Cash loans,M,N,Y,2,225000.0,228339.0,21073.5
81675,0,Cash loans,F,N,Y,0,135000.0,279000.0,16146.0
116982,0,Revolving loans,F,Y,Y,1,67500.0,180000.0,9000.0
2325,0,Cash loans,F,N,Y,0,148500.0,545040.0,35617.5
153620,0,Cash loans,M,Y,N,1,247500.0,916470.0,25330.5
291504,0,Cash loans,F,N,Y,0,247500.0,1528200.0,55021.5
242094,1,Cash loans,M,N,Y,1,99000.0,609183.0,16879.5
111731,0,Cash loans,M,N,N,1,337500.0,1812456.0,53122.5
118814,0,Cash loans,F,N,Y,0,67500.0,180000.0,17662.5
234426,0,Cash loans,F,N,Y,0,112500.0,298512.0,17266.5
134192,0,Cash loans,F,N,Y,1,121050.0,225000.0,8613.0
243400,0,Cash loans,F,Y,Y,0,292500.0,1436850.0,42012.0
20758,0,Cash loans,F,Y,N,0,225000.0,1154565.0,41598.0
269298,0,Cash loans,F,Y,Y,1,162000.0,152820.0,16344.0
220954,0,Cash loans,M,Y,Y,0,256500.0,592560.0,40216.5
69937,0,Cash loans,M,Y,N,2,112500.0,113760.0,6660.0
281992,0,Cash loans,M,Y,Y,2,157500.0,990432.0,32863.5
167187,0,Cash loans,F,Y,N,1,135000.0,1096020.0,56092.5
282198,1,Cash loans,M,N,Y,0,112500.0,260725.5,20727.0
232103,0,Cash loans,M,Y,Y,0,112500.0,157500.0,17941.5
160784,0,Cash loans,F,Y,Y,0,135000.0,500566.5,32494.5
55994,0,Cash loans,F,N,Y,0,315000.0,1054935.0,44824.5
91698,0,Cash loans,M,Y,N,0,90000.0,225000.0,13594.5
226180,0,Cash loans,F,Y,Y,0,90000.0,884124.0,25978.5
33666,0,Cash loans,M,Y,N,0,126000.0,126000.0,13698.0
167651,0,Cash loans,M,N,Y,0,202500.0,99576.0,5530.5
141906,0,Cash loans,F,N,N,0,125032.5,1350000.0,37125.0
170788,0,Cash loans,M,Y,N,3,247500.0,315000.0,29884.5
292999,0,Cash loans,F,N,Y,1,112500.0,286704.0,12757.5
108278,0,Cash loans,M,Y,Y,1,315000.0,1273500.0,48636.0
136784,0,Cash loans,F,N,Y,0,135000.0,518562.0,22099.5
120701,0,Revolving loans,M,N,Y,0,180000.0,540000.0,27000.0
51549,0,Revolving loans,F,N,N,0,81000.0,247500.0,12375.0
111925,0,Cash loans,F,N,Y,1,99000.0,203760.0,13396.5
167833,0,Cash loans,M,N,Y,2,108000.0,679441.5,28917.0
15690,0,Cash loans,F,N,N,1,121500.0,284400.0,10849.5
88181,0,Revolving loans,F,N,N,2,94500.0,180000.0,9000.0
49124,0,Cash loans,M,Y,Y,0,261000.0,473760.0,50400.0
101454,0,Cash loans,F,N,N,2,76500.0,157500.0,12442.5
160441,0,Cash loans,F,N,Y,1,112500.0,328405.5,20083.5
80981,0,Cash loans,F,N,Y,0,220500.0,1515415.5,41800.5
66334,0,Cash loans,F,N,Y,0,130500.0,521280.0,27423.0
268970,0,Cash loans,F,N,Y,0,162000.0,582768.0,33453.0
126286,1,Revolving loans,F,N,Y,0,135000.0,135000.0,6750.0
278023,0,Cash loans,F,N,Y,0,157500.0,270000.0,11124.0
154687,0,Cash loans,F,N,Y,0,135000.0,938304.0,31009.5
86355,0,Cash loans,F,N,Y,0,35482.5,284400.0,10345.5
71720,0,Cash loans,F,N,N,0,90000.0,781920.0,34443.0
144938,0,Cash loans,M,Y,N,0,112500.0,545040.0,33475.5
257815,0,Cash loans,M,Y,Y,0,157500.0,564124.5,41179.5
194584,0,Cash loans,F,Y,Y,0,90000.0,143910.0,14364.0
304790,1,Cash loans,F,Y,N,2,112500.0,942300.0,30397.5
130731,0,Cash loans,F,N,Y,0,157500.0,1293502.5,35698.5
207033,0,Cash loans,F,N,Y,0,108000.0,168102.0,9513.0
87242,0,Cash loans,M,N,Y,0,225000.0,612612.0,31410.0
205157,0,Cash loans,F,Y,Y,1,157500.0,684652.5,35086.5
44054,0,Revolving loans,M,Y,Y,0,135000.0,540000.0,27000.0
199775,0,Cash loans,F,N,Y,0,202500.0,454500.0,27063.0
261435,0,Cash loans,F,N,Y,0,135000.0,675000.0,28728.0
269497,0,Cash loans,F,N,Y,0,112500.0,675000.0,19867.5
252722,0,Cash loans,F,N,Y,1,252000.0,808650.0,26217.0
148066,0,Cash loans,F,N,Y,0,135000.0,879480.0,25843.5
23455,0,Cash loans,F,N,Y,0,135000.0,571446.0,18562.5
75749,0,Cash loans,M,Y,Y,0,90000.0,835380.0,40320.0
163938,0,Cash loans,F,N,Y,0,90000.0,207306.0,9261.0
237627,0,Cash loans,F,N,Y,0,270000.0,548775.0,30771.0
78831,0,Cash loans,F,N,Y,1,112500.0,497520.0,33376.5
122615,0,Cash loans,M,Y,Y,2,135000.0,355536.0,18283.5
190702,0,Cash loans,F,N,N,0,112500.0,408780.0,32427.0
49527,0,Cash loans,F,N,N,0,76500.0,454500.0,21865.5
77268,0,Cash loans,M,Y,Y,0,157500.0,1436850.0,42142.5
198620,0,Cash loans,F,N,Y,0,148500.0,776304.0,25042.5
48067,0,Cash loans,F,N,N,0,157500.0,900000.0,26316.0
27379,0,Cash loans,F,N,Y,2,171000.0,370629.0,24898.5
96115,0,Cash loans,F,N,N,0,67500.0,251091.0,23607.0
62196,0,Cash loans,F,N,Y,2,112500.0,278460.0,19930.5
140525,0,Cash loans,F,N,Y,0,90000.0,170640.0,7951.5
141118,0,Cash loans,M,N,N,0,225000.0,865138.5,31203.0
276402,1,Cash loans,M,Y,Y,0,270000.0,765261.0,30478.5
26807,0,Cash loans,M,Y,N,0,225000.0,104256.0,12501.0
223120,0,Cash loans,F,N,Y,0,67500.0,405000.0,10683.0
138247,0,Cash loans,M,Y,Y,0,135000.0,1256400.0,36864.0
97018,0,Cash loans,M,Y,Y,0,292500.0,521280.0,28408.5
26516,0,Cash loans,F,N,Y,0,180000.0,528633.0,22527.0
137313,0,Cash loans,F,N,Y,0,135000.0,474048.0,25843.5
78120,0,Cash loans,F,N,Y,0,180000.0,403249.5,19741.5
110296,0,Cash loans,F,Y,Y,1,126000.0,222768.0,20430.0
284364,0,Cash loans,M,Y,N,0,99000.0,405000.0,21969.0
75305,1,Cash loans,F,N,N,0,90000.0,270000.0,16407.0
227708,0,Cash loans,M,Y,N,1,90000.0,225000.0,12006.0
231512,0,Cash loans,F,Y,Y,0,270000.0,1256400.0,34681.5
289673,0,Cash loans,M,Y,N,0,450000.0,900000.0,89928.0
144909,0,Cash loans,M,N,N,0,180000.0,104256.0,11920.5
54741,1,Cash loans,M,Y,Y,0,225000.0,900000.0,45954.0
245328,0,Cash loans,M,Y,N,0,157500.0,679500.0,19998.0
140177,0,Cash loans,F,N,Y,0,180000.0,1078200.0,31653.0
71006,0,Cash loans,F,N,N,0,180000.0,284256.0,28111.5
24705,0,Revolving loans,F,Y,Y,0,121500.0,292500.0,14625.0
106087,1,Cash loans,F,N,N,0,112500.0,701631.0,38191.5
190383,0,Cash loans,M,Y,N,1,135000.0,900000.0,32328.0
236614,1,Cash loans,M,N,Y,0,337500.0,450000.0,22018.5
2159,0,Cash loans,F,N,N,0,112500.0,1078200.0,31027.5
96907,0,Cash loans,F,N,Y,0,135000.0,913500.0,48667.5
36805,0,Cash loans,M,N,N,0,103500.0,450000.0,27193.5
219686,0,Revolving loans,F,Y,Y,3,157500.0,270000.0,13500.0
52714,1,Cash loans,F,Y,Y,0,216000.0,1024740.0,55719.0
261911,0,Cash loans,F,N,N,1,166500.0,1288350.0,34114.5
237505,0,Cash loans,F,Y,N,1,157500.0,1655037.0,43789.5
140295,0,Cash loans,M,N,Y,0,157500.0,284256.0,30744.0
79590,0,Revolving loans,F,N,N,0,90000.0,337500.0,16875.0
194543,0,Cash loans,F,Y,Y,0,69750.0,755190.0,38686.5
201393,0,Cash loans,M,Y,Y,2,112500.0,675000.0,36747.0
81479,0,Cash loans,F,N,Y,1,90000.0,751842.0,31986.0
246901,1,Revolving loans,M,N,Y,0,180000.0,270000.0,13500.0
177159,0,Cash loans,M,Y,Y,3,112500.0,981747.0,39064.5
110916,0,Cash loans,F,N,Y,0,112500.0,286704.0,15138.0
119012,0,Cash loans,F,N,Y,1,112500.0,675000.0,19737.0
136633,0,Cash loans,F,N,Y,0,292500.0,667237.5,37386.0
77135,1,Cash loans,M,Y,N,0,247500.0,450000.0,35554.5
275815,0,Cash loans,F,N,Y,0,247500.0,1615968.0,56299.5
179573,0,Cash loans,F,Y,Y,0,135000.0,152820.0,15241.5
158143,0,Revolving loans,F,N,N,0,90000.0,247500.0,12375.0
11921,0,Cash loans,F,N,Y,1,76500.0,441657.0,21609.0
192099,0,Cash loans,M,N,N,1,135000.0,539100.0,29245.5
207982,0,Cash loans,F,N,Y,1,90000.0,738171.0,39456.0
251048,0,Cash loans,F,N,Y,0,90000.0,225000.0,15660.0
204014,0,Cash loans,F,N,Y,0,103500.0,210456.0,13702.5
12064,0,Cash loans,F,N,Y,0,112500.0,191880.0,18688.5
200782,0,Cash loans,F,Y,Y,1,117000.0,288873.0,16713.0
160067,0,Cash loans,F,N,Y,2,113850.0,352044.0,13401.0
20855,0,Cash loans,F,N,Y,0,135000.0,300960.0,21897.0
200178,0,Cash loans,M,Y,Y,2,81000.0,312768.0,20119.5
70270,0,Cash loans,F,N,Y,0,108000.0,804420.0,32890.5
131971,0,Cash loans,F,N,Y,1,67500.0,835605.0,24561.0
50035,0,Cash loans,F,N,N,0,94500.0,450000.0,
234795,0,Cash loans,F,N,Y,0,202500.0,85320.0,5026.5
70385,0,Cash loans,F,N,N,0,58500.0,225000.0,9162.0
215907,0,Cash loans,M,Y,Y,0,360000.0,521280.0,41926.5
1261,0,Cash loans,F,N,N,0,247500.0,781920.0,25969.5
53792,0,Revolving loans,M,Y,N,0,292500.0,180000.0,9000.0
97379,0,Cash loans,F,N,Y,0,202500.0,1687266.0,67045.5
98176,0,Cash loans,F,N,Y,0,135000.0,1312110.0,55723.5
215171,0,Revolving loans,F,N,Y,0,135000.0,360000.0,18000.0
113880,1,Cash loans,M,N,Y,0,139500.0,248760.0,23994.0
61457,0,Cash loans,F,N,N,0,315000.0,490495.5,28156.5
140317,0,Cash loans,F,N,Y,0,180000.0,481500.0,20529.0
170557,1,Cash loans,M,Y,Y,0,225000.0,640080.0,31261.5
268446,0,Cash loans,M,Y,N,0,180000.0,327024.0,25965.0
73565,0,Cash loans,F,N,N,0,180000.0,942300.0,27135.0
49344,0,Cash loans,F,N,Y,0,225000.0,1247472.0,46359.0
85970,0,Cash loans,F,Y,Y,0,90000.0,66222.0,6678.0
156467,0,Cash loans,F,N,Y,0,135000.0,412942.5,42444.0
186231,0,Cash loans,F,N,Y,0,211500.0,1255680.0,45234.0
83267,0,Cash loans,M,N,Y,0,58500.0,298728.0,15403.5
105008,0,Cash loans,F,N,Y,0,157500.0,675000.0,28728.0
258135,0,Cash loans,F,N,Y,0,121500.0,132444.0,14184.0
186126,0,Cash loans,F,N,N,1,144000.0,942300.0,30528.0
194205,0,Cash loans,F,N,Y,2,135000.0,400500.0,17770.5
131970,0,Cash loans,F,Y,Y,1,202500.0,490495.5,25047.0
15712,0,Cash loans,M,N,Y,2,445500.0,450000.0,35554.5
283344,0,Revolving loans,F,Y,Y,0,180000.0,157500.0,7875.0
48117,0,Cash loans,M,Y,Y,1,135000.0,691020.0,22419.0
60646,0,Revolving loans,M,N,Y,0,203850.0,675000.0,33750.0
13783,0,Cash loans,F,N,Y,0,90000.0,765261.0,32553.0
212248,0,Cash loans,M,N,Y,0,54000.0,76410.0,8356.5
171880,0,Revolving loans,F,N,N,0,202500.0,157500.0,7875.0
257320,0,Revolving loans,M,N,Y,1,270000.0,270000.0,13500.0
31886,0,Cash loans,F,N,Y,0,90000.0,808650.0,23773.5
291583,0,Cash loans,F,Y,N,1,157500.0,352044.0,13401.0
185497,0,Revolving loans,F,N,Y,0,225000.0,157500.0,7875.0
10844,0,Cash loans,F,N,Y,1,135000.0,755190.0,36459.0
150103,0,Cash loans,M,Y,N,0,180000.0,942300.0,30528.0
184265,0,Cash loans,M,Y,Y,0,382500.0,1868814.0,123565.5
189246,0,Cash loans,F,N,Y,0,112500.0,900000.0,26446.5
34362,0,Cash loans,F,N,Y,0,265500.0,590337.0,26131.5
12542,1,Cash loans,F,N,Y,0,157500.0,877500.0,44932.5
298180,1,Cash loans,M,N,Y,0,270000.0,90000.0,10809.0
280167,0,Cash loans,M,N,Y,0,202500.0,1288350.0,37800.0
74959,0,Cash loans,M,Y,N,0,360000.0,1575000.0,45139.5
221249,0,Revolving loans,F,Y,Y,1,90000.0,202500.0,10125.0
113084,0,Cash loans,F,Y,N,1,292500.0,260640.0,28066.5
108155,0,Cash loans,F,N,N,0,108000.0,352044.0,13401.0
273732,0,Cash loans,M,N,N,1,270000.0,1078200.0,38331.0
86989,0,Cash loans,F,N,Y,0,270000.0,1288350.0,37669.5
264337,0,Cash loans,F,Y,N,2,360000.0,755190.0,36459.0
226193,0,Cash loans,F,N,Y,0,90000.0,298512.0,31801.5
195753,0,Cash loans,F,Y,Y,1,112500.0,521280.0,27423.0
171105,0,Cash loans,M,N,Y,0,180000.0,679441.5,27076.5
41961,0,Cash loans,F,N,N,0,180000.0,906228.0,35937.0
59777,0,Cash loans,F,N,Y,2,180000.0,900000.0,48082.5
51868,0,Cash loans,F,Y,N,0,67500.0,450000.0,21109.5
85518,0,Cash loans,F,N,Y,0,202500.0,1071000.0,34677.0
263481,0,Cash loans,M,N,N,0,157500.0,171000.0,12573.0
98131,0,Cash loans,F,N,N,0,85500.0,540000.0,27571.5
140834,0,Cash loans,F,N,Y,0,112500.0,104256.0,12501.0
174992,0,Cash loans,M,Y,Y,1,247500.0,133659.0,11601.0
177326,0,Cash loans,F,N,N,0,270000.0,614475.0,18760.5
259486,0,Cash loans,M,Y,Y,2,225000.0,355536.0,18742.5
64736,0,Cash loans,F,Y,Y,1,202500.0,986418.0,50364.0
231803,0,Cash loans,F,N,Y,0,135000.0,312768.0,22374.0
72064,0,Cash loans,F,N,Y,0,135000.0,862560.0,25348.5
193533,0,Cash loans,M,N,N,0,135000.0,640080.0,31261.5
280450,0,Cash loans,M,N,Y,0,180000.0,675000.0,36747.0
207613,0,Cash loans,F,N,Y,0,94500.0,167895.0,17757.0
260078,0,Cash loans,F,N,N,0,225000.0,284400.0,19134.0
283723,0,Cash loans,M,Y,N,1,135000.0,450000.0,53536.5
100585,0,Cash loans,M,N,N,0,112500.0,505066.5,25785.0
144957,0,Cash loans,F,N,Y,0,144000.0,675000.0,21906.0
29787,0,Cash loans,F,Y,Y,0,450000.0,1885536.0,95913.0
228571,0,Cash loans,M,Y,N,1,315000.0,1027327.5,43654.5
119121,0,Cash loans,F,N,Y,0,90000.0,142632.0,7960.5
27987,0,Cash loans,M,Y,Y,1,135000.0,288873.0,18936.0
78811,0,Cash loans,M,N,Y,0,292500.0,647046.0,20871.0
98988,0,Cash loans,F,N,Y,0,202500.0,405000.0,29601.0
169819,0,Cash loans,F,N,Y,0,112500.0,405000.0,14674.5
83103,0,Cash loans,F,Y,Y,0,180000.0,785772.0,28354.5
115548,0,Cash loans,F,N,Y,0,157500.0,1175314.5,38974.5
78710,0,Cash loans,M,N,Y,0,157500.0,270000.0,29209.5
6817,0,Cash loans,F,N,N,1,157500.0,416052.0,20367.0
149937,0,Cash loans,M,N,N,0,135000.0,284400.0,22599.0
150034,0,Cash loans,M,Y,Y,1,495000.0,521280.0,47938.5
248901,1,Cash loans,M,Y,Y,1,135000.0,177903.0,16447.5
94478,0,Cash loans,F,Y,N,0,247500.0,1724688.0,60079.5
141290,0,Cash loans,M,Y,Y,0,360000.0,1205451.0,39969.0
166581,0,Cash loans,M,N,Y,1,405000.0,1113840.0,44302.5
150621,0,Cash loans,F,Y,N,1,238500.0,1350000.0,57199.5
149571,0,Cash loans,F,N,Y,0,85500.0,948730.5,31482.0
168787,0,Cash loans,F,N,Y,0,157500.0,1258650.0,53455.5
28222,0,Cash loans,M,Y,Y,0,179100.0,1096020.0,56092.5
241432,0,Cash loans,F,N,Y,0,90000.0,535500.0,17401.5
268162,0,Cash loans,M,Y,N,0,247500.0,900000.0,32017.5
133278,0,Revolving loans,M,Y,Y,0,225000.0,405000.0,20250.0
5297,0,Cash loans,F,N,Y,0,67500.0,468000.0,12474.0
27296,0,Cash loans,F,N,Y,0,90000.0,327024.0,12456.0
40600,0,Cash loans,F,N,Y,0,211500.0,846387.0,24876.0
218966,0,Cash loans,F,N,Y,1,126000.0,66222.0,6678.0
198474,0,Cash loans,M,N,N,0,135000.0,753840.0,29340.0
59550,1,Cash loans,M,N,N,0,157500.0,254700.0,17019.0
122386,0,Cash loans,M,N,N,0,180000.0,540000.0,19395.0
170657,0,Cash loans,F,N,Y,0,74250.0,112500.0,6282.0
293753,0,Revolving loans,F,N,Y,1,135000.0,225000.0,11250.0
41940,0,Revolving loans,M,N,N,0,270000.0,247500.0,12375.0
38747,0,Cash loans,F,N,N,0,166500.0,1320975.0,43785.0
243289,0,Cash loans,F,N,Y,0,72000.0,472500.0,24255.0
197127,0,Cash loans,F,N,N,0,157500.0,981162.0,28818.0
307100,0,Cash loans,M,N,Y,0,180000.0,625536.0,34065.0
161771,0,Cash loans,M,Y,N,0,157500.0,855000.0,25128.0
135054,0,Cash loans,M,Y,Y,0,135000.0,450000.0,20979.0
224610,1,Cash loans,F,N,Y,0,135000.0,675000.0,21906.0
177872,0,Cash loans,M,Y,Y,1,270000.0,1201207.5,35253.0
59417,0,Cash loans,F,N,Y,1,202500.0,545040.0,20677.5
280748,0,Cash loans,M,N,N,0,202500.0,414792.0,25065.0
232602,0,Cash loans,M,N,Y,0,90000.0,665892.0,19597.5
49736,0,Cash loans,M,Y,N,0,142438.5,2114532.0,55777.5
123799,0,Cash loans,F,Y,Y,1,135000.0,263686.5,26208.0
216104,0,Cash loans,F,N,Y,0,157500.0,1462720.5,55845.0
55222,0,Cash loans,F,N,Y,0,135000.0,225000.0,11488.5
34706,0,Revolving loans,F,N,Y,2,90000.0,202500.0,10125.0
282973,0,Cash loans,F,N,Y,0,180000.0,868797.0,34587.0
217377,0,Cash loans,F,N,N,0,162000.0,375322.5,19291.5
210217,0,Revolving loans,F,N,Y,0,135000.0,405000.0,20250.0
183718,0,Cash loans,F,N,Y,0,157500.0,838453.5,42939.0
121915,0,Cash loans,F,N,Y,1,247500.0,900000.0,57649.5
209087,0,Cash loans,F,N,Y,0,112500.0,1036980.0,34402.5
171023,0,Cash loans,F,N,Y,1,135000.0,1237684.5,49216.5
75337,0,Cash loans,F,N,N,0,90000.0,254700.0,25321.5
260543,0,Cash loans,F,N,N,0,247500.0,1130760.0,33061.5
221668,0,Cash loans,F,N,N,2,67500.0,269550.0,21294.0
4426,0,Cash loans,F,N,N,0,90000.0,868500.0,38385.0
130282,0,Cash loans,M,N,Y,0,351000.0,454500.0,12496.5
154637,0,Revolving loans,F,Y,Y,0,270000.0,765000.0,38250.0
165042,0,Revolving loans,F,N,Y,0,90000.0,270000.0,13500.0
128200,0,Revolving loans,M,N,N,0,450000.0,1237500.0,61875.0
53750,0,Cash loans,F,N,Y,1,126000.0,292500.0,19674.0
85456,0,Cash loans,F,Y,N,0,202500.0,225000.0,10489.5
204330,0,Cash loans,F,N,N,0,157500.0,986553.0,28845.0
96648,0,Revolving loans,F,N,Y,0,122850.0,270000.0,13500.0
36406,0,Cash loans,M,N,N,1,135000.0,298512.0,33808.5
175369,0,Cash loans,M,Y,Y,0,157500.0,1346989.5,44644.5
130944,0,Cash loans,F,N,Y,0,360000.0,337923.0,19530.0
238542,0,Revolving loans,F,N,Y,0,40500.0,180000.0,9000.0
31701,0,Cash loans,M,Y,Y,4,135000.0,170640.0,9922.5
102179,1,Cash loans,F,N,N,0,112500.0,521280.0,35392.5
234881,0,Cash loans,F,N,N,0,270000.0,1166724.0,32211.0
274411,0,Cash loans,F,N,Y,0,58500.0,442062.0,21397.5
68902,0,Cash loans,M,N,Y,0,135000.0,607500.0,23269.5
129288,0,Revolving loans,M,N,Y,0,135000.0,270000.0,13500.0
260389,0,Cash loans,F,N,N,0,247500.0,393543.0,20119.5
218999,0,Revolving loans,M,N,Y,2,315000.0,630000.0,31500.0
175079,0,Cash loans,F,Y,Y,2,126000.0,808650.0,23773.5
211955,0,Cash loans,F,N,Y,0,94500.0,778500.0,22891.5
222482,1,Cash loans,M,N,Y,2,180000.0,106974.0,7146.0
210004,0,Cash loans,F,N,Y,1,108000.0,835380.0,33259.5
15475,0,Cash loans,F,Y,Y,0,225000.0,1006920.0,42790.5
137539,0,Cash loans,M,N,Y,0,180000.0,1546020.0,42511.5
78419,0,Cash loans,F,N,N,1,198000.0,550980.0,43528.5
25610,0,Cash loans,F,N,Y,1,90000.0,156384.0,18688.5
131737,1,Cash loans,M,Y,N,0,180000.0,808650.0,29709.0
77157,0,Cash loans,M,Y,Y,0,270000.0,900000.0,46084.5
298937,0,Cash loans,M,Y,N,1,180000.0,203760.0,22072.5
298678,0,Cash loans,M,N,Y,0,202500.0,270000.0,21330.0
148550,0,Cash loans,M,N,N,0,67500.0,193500.0,5449.5
254441,0,Cash loans,M,N,N,2,112500.0,333000.0,16326.0
47895,0,Cash loans,F,N,N,0,157500.0,1125000.0,32895.0
218145,0,Cash loans,F,N,Y,0,157500.0,1042560.0,34587.0
160066,0,Cash loans,F,N,N,0,180000.0,808650.0,26086.5
191665,0,Cash loans,F,N,Y,0,76500.0,288562.5,27810.0
258612,0,Cash loans,M,Y,Y,1,157500.0,298512.0,17266.5
121167,0,Cash loans,F,N,N,0,146250.0,250717.5,16020.0
147399,1,Cash loans,F,Y,Y,2,121500.0,91008.0,3559.5
2049,0,Cash loans,F,Y,N,1,54000.0,1078200.0,31522.5
129963,0,Revolving loans,M,Y,Y,0,112500.0,180000.0,9000.0
303374,0,Cash loans,M,Y,Y,1,252000.0,352044.0,16542.0
264038,0,Cash loans,F,N,Y,0,157500.0,1078200.0,31653.0
92797,0,Cash loans,F,Y,Y,0,157500.0,509922.0,40419.0
156350,0,Cash loans,F,N,Y,0,108000.0,682875.0,34996.5
60772,1,Cash loans,M,Y,N,0,90000.0,640080.0,31261.5
289154,0,Cash loans,F,Y,N,0,121500.0,454500.0,16452.0
265076,0,Cash loans,M,Y,N,0,187200.0,905688.0,23890.5
193204,0,Cash loans,M,Y,Y,1,405000.0,1006920.0,46791.0
173135,0,Cash loans,F,N,Y,1,157500.0,343800.0,13090.5
64285,0,Revolving loans,F,N,Y,2,180000.0,180000.0,9000.0
264420,0,Cash loans,F,N,Y,0,67500.0,942300.0,30528.0
37327,1,Cash loans,F,N,Y,0,90000.0,808650.0,23773.5
144535,0,Cash loans,M,Y,N,0,135000.0,225000.0,11650.5
69190,0,Cash loans,M,Y,Y,0,270000.0,358443.0,16839.0
130678,0,Cash loans,F,Y,N,1,202500.0,555273.0,15399.0
182752,0,Cash loans,M,Y,Y,1,180000.0,467257.5,17743.5
243284,0,Cash loans,F,N,Y,2,135000.0,760225.5,53041.5
139866,1,Revolving loans,M,Y,Y,0,337500.0,270000.0,13500.0
122749,0,Cash loans,F,N,Y,0,315000.0,1345500.0,54931.5
64025,0,Cash loans,F,N,N,0,173353.5,540360.0,15484.5
259196,0,Cash loans,F,N,Y,0,292500.0,1019205.0,36607.5
65075,0,Cash loans,F,N,Y,0,76500.0,490495.5,27517.5
48038,0,Cash loans,M,Y,N,0,270000.0,494550.0,39649.5
28028,0,Cash loans,F,N,Y,0,180000.0,1332000.0,39078.0
217854,0,Cash loans,F,N,Y,1,180000.0,284400.0,22599.0
253438,0,Cash loans,F,N,N,0,90000.0,508495.5,21541.5
275356,0,Cash loans,F,N,Y,0,180000.0,677664.0,31401.0
85622,0,Cash loans,F,N,Y,0,180000.0,415224.0,15781.5
101518,0,Cash loans,M,N,N,2,202500.0,859500.0,43884.0
222468,0,Cash loans,M,N,Y,0,135000.0,521280.0,23089.5
267443,0,Cash loans,F,N,Y,0,112500.0,295668.0,10750.5
57207,0,Cash loans,F,N,Y,0,157500.0,735579.0,40032.0
211352,0,Cash loans,F,N,Y,1,112500.0,200493.0,15120.0
169079,0,Cash loans,M,N,Y,0,112500.0,314100.0,13963.5
261122,0,Cash loans,M,N,N,0,135000.0,229230.0,24817.5
10636,0,Revolving loans,F,N,Y,0,135000.0,202500.0,10125.0
114134,0,Cash loans,F,N,N,0,180000.0,1185282.0,33966.0
83878,0,Cash loans,F,Y,Y,2,450000.0,254700.0,30226.5
300664,0,Cash loans,F,N,N,0,135000.0,1575000.0,41548.5
194746,0,Cash loans,F,Y,N,0,157500.0,358213.5,20133.0
262211,0,Cash loans,M,N,Y,0,112500.0,350181.0,33723.0
169066,0,Cash loans,F,Y,Y,0,450000.0,1067877.0,102973.5
217541,0,Cash loans,M,Y,N,0,157500.0,341280.0,26964.0
86680,0,Cash loans,F,Y,Y,0,247500.0,481855.5,45049.5
106608,1,Cash loans,F,N,Y,0,292500.0,352656.0,22666.5
176389,0,Cash loans,F,Y,Y,0,90000.0,1013508.0,29763.0
280849,0,Revolving loans,M,Y,Y,0,225000.0,427500.0,21375.0
216035,1,Cash loans,M,Y,Y,2,180000.0,723996.0,30802.5
92425,1,Cash loans,F,N,Y,0,193500.0,557005.5,23728.5
125245,0,Cash loans,F,Y,Y,0,225000.0,1069285.5,48451.5
82520,0,Cash loans,F,N,Y,1,67500.0,178290.0,12042.0
203833,0,Cash loans,F,N,Y,0,202500.0,332946.0,16146.0
275206,0,Revolving loans,F,N,Y,1,85500.0,180000.0,9000.0
204586,0,Cash loans,M,Y,Y,0,225000.0,1575000.0,41679.0
247001,0,Cash loans,F,N,N,1,144000.0,1046142.0,30717.0
281939,0,Cash loans,F,N,N,0,103500.0,855000.0,25128.0
251723,0,Cash loans,F,N,N,0,225000.0,1288350.0,37800.0
210319,0,Cash loans,F,N,Y,0,81000.0,314100.0,17037.0
170946,0,Cash loans,F,N,Y,0,135000.0,677664.0,22527.0
223107,1,Cash loans,F,N,N,0,135000.0,738567.0,23823.0
238905,0,Cash loans,F,N,Y,1,90000.0,454500.0,21996.0
150599,0,Cash loans,F,N,Y,1,103500.0,592560.0,27589.5
60258,0,Cash loans,F,Y,Y,0,180000.0,1125000.0,33025.5
22729,0,Cash loans,F,Y,Y,2,326250.0,1546020.0,45333.0
278093,0,Cash loans,F,N,Y,0,225000.0,916470.0,26928.0
253630,0,Cash loans,F,N,Y,2,90000.0,188460.0,9751.5
21811,0,Cash loans,M,Y,Y,1,202500.0,521280.0,28408.5
227207,0,Cash loans,M,Y,Y,0,342000.0,101880.0,11623.5
247306,0,Cash loans,M,N,Y,0,180000.0,112500.0,12244.5
160279,1,Cash loans,F,N,Y,2,121500.0,341280.0,27094.5
206049,0,Cash loans,M,Y,N,0,360000.0,1436850.0,46480.5
45518,0,Cash loans,F,N,Y,1,76500.0,240660.0,9202.5
223913,0,Cash loans,F,N,Y,0,135000.0,490495.5,30136.5
142872,0,Cash loans,F,Y,N,0,72000.0,900000.0,38133.0
34507,0,Cash loans,F,N,N,0,135000.0,225000.0,15034.5
98500,0,Cash loans,F,N,Y,0,112500.0,545040.0,26640.0
62678,0,Cash loans,F,Y,Y,1,157500.0,294322.5,13851.0
234680,0,Cash loans,M,N,Y,0,76500.0,247275.0,18616.5
109654,0,Cash loans,M,Y,N,0,180000.0,269550.0,14112.0
33875,0,Cash loans,F,N,N,0,180000.0,1350000.0,35743.5
285522,0,Cash loans,M,Y,Y,0,202500.0,479799.0,24628.5
114078,0,Cash loans,F,Y,Y,0,135000.0,254700.0,20250.0
178555,1,Cash loans,M,Y,Y,2,247500.0,458460.0,36351.0
90006,0,Cash loans,M,Y,Y,0,180000.0,1105083.0,36652.5
159752,0,Cash loans,M,Y,N,1,540000.0,1475154.0,54796.5
12390,0,Cash loans,M,Y,Y,2,135000.0,276277.5,22279.5
224217,0,Cash loans,M,Y,Y,0,337500.0,755190.0,69394.5
239813,0,Cash loans,M,Y,N,1,202500.0,900000.0,43299.0
281220,0,Cash loans,M,N,Y,0,121500.0,234324.0,13212.0
275799,0,Cash loans,F,N,N,0,112500.0,360000.0,18508.5
30459,0,Cash loans,F,N,Y,0,99000.0,276408.0,11839.5
58134,0,Cash loans,F,N,N,0,103500.0,1125000.0,33025.5
119475,0,Cash loans,F,Y,Y,0,157500.0,178290.0,11911.5
299235,0,Cash loans,F,N,Y,0,90000.0,568197.0,18909.0
35669,0,Revolving loans,M,N,Y,0,90000.0,247500.0,12375.0
130841,0,Cash loans,F,N,Y,0,90000.0,436500.0,34614.0
160794,0,Cash loans,F,N,N,0,90000.0,254700.0,24939.0
14968,0,Cash loans,M,Y,Y,1,225000.0,315000.0,12127.5
154593,0,Cash loans,F,Y,Y,1,270000.0,755190.0,35122.5
180094,0,Cash loans,F,N,N,1,270000.0,900000.0,92223.0
8266,0,Cash loans,F,N,Y,1,90000.0,254700.0,25321.5
214583,0,Revolving loans,F,Y,Y,2,99000.0,270000.0,13500.0
125486,0,Cash loans,F,N,N,2,135000.0,218016.0,17221.5
268800,0,Revolving loans,F,N,N,1,157500.0,315000.0,15750.0
31854,0,Cash loans,F,N,Y,0,180000.0,781920.0,47965.5
257476,0,Cash loans,F,N,Y,0,225000.0,669600.0,26685.0
38527,0,Cash loans,M,N,Y,0,49500.0,127350.0,12532.5
200321,0,Cash loans,F,N,Y,0,144000.0,1078200.0,31653.0
296394,0,Cash loans,M,N,Y,0,315000.0,1078200.0,31653.0
57301,0,Cash loans,F,Y,Y,0,157500.0,1078200.0,31653.0
168461,0,Cash loans,F,N,Y,0,157500.0,322155.0,36477.0
79067,0,Cash loans,F,N,Y,0,180000.0,986274.0,28966.5
119493,0,Cash loans,F,N,N,0,45000.0,135000.0,5089.5
293582,0,Cash loans,F,N,Y,0,135000.0,592560.0,28638.0
128683,0,Cash loans,F,N,Y,0,67500.0,328405.5,14463.0
5390,0,Revolving loans,F,N,N,0,112500.0,315000.0,15750.0
244562,0,Cash loans,M,N,Y,2,166500.0,254700.0,27558.0
212735,1,Cash loans,F,N,N,1,157500.0,301464.0,23949.0
280014,0,Cash loans,F,N,N,0,58500.0,436500.0,26505.0
296497,0,Cash loans,F,Y,Y,0,90000.0,443088.0,22621.5
181291,0,Cash loans,M,N,N,3,360000.0,1051294.5,30870.0
8925,0,Cash loans,F,N,Y,0,130500.0,534204.0,34267.5
219841,0,Cash loans,F,N,Y,1,112500.0,675000.0,36616.5
298958,0,Revolving loans,M,N,Y,0,90000.0,180000.0,9000.0
71296,0,Revolving loans,F,N,Y,0,112500.0,180000.0,9000.0
263363,0,Cash loans,M,Y,Y,1,157500.0,76500.0,7150.5
149289,0,Cash loans,F,N,Y,0,126000.0,288873.0,16713.0
86409,0,Revolving loans,M,Y,N,2,202500.0,585000.0,29250.0
132330,0,Cash loans,M,N,N,2,225000.0,450000.0,23107.5
88881,0,Revolving loans,F,N,Y,1,180000.0,427500.0,21375.0
50530,0,Cash loans,F,N,Y,0,135000.0,790434.0,31477.5
16258,0,Cash loans,M,Y,N,0,405000.0,900000.0,29034.0
62714,0,Cash loans,F,Y,N,1,67500.0,112068.0,12802.5
160634,0,Cash loans,M,N,Y,0,202500.0,728460.0,40806.0
70754,0,Cash loans,M,N,N,2,180000.0,313438.5,33043.5
72003,1,Revolving loans,F,N,N,0,146250.0,180000.0,9000.0
124405,0,Revolving loans,F,N,Y,0,270000.0,202500.0,10125.0
282984,0,Cash loans,F,Y,Y,0,225000.0,469152.0,24084.0
233522,0,Cash loans,F,N,Y,1,157500.0,675000.0,29862.0
198365,0,Cash loans,F,N,N,0,157500.0,314100.0,12289.5
30554,1,Cash loans,F,Y,N,2,153000.0,540000.0,21055.5
105230,0,Cash loans,M,Y,N,0,225000.0,2205000.0,58167.0
143329,0,Cash loans,M,N,N,0,81000.0,563080.5,17068.5
159475,0,Cash loans,F,N,Y,0,67500.0,269550.0,18891.0
164294,0,Cash loans,M,Y,Y,0,157500.0,679500.0,28917.0
125360,0,Cash loans,M,N,N,0,112500.0,599472.0,30582.0
90919,1,Cash loans,M,Y,Y,0,225000.0,1030680.0,69007.5
20783,0,Cash loans,F,N,Y,0,202500.0,540000.0,19525.5
240764,1,Cash loans,F,N,N,1,202500.0,545040.0,26509.5
6440,0,Cash loans,F,N,Y,0,36000.0,225000.0,8212.5
215199,0,Cash loans,M,N,Y,0,225000.0,423000.0,20479.5
178534,0,Cash loans,M,N,N,0,157500.0,436500.0,35127.0
284763,0,Cash loans,F,Y,Y,1,315000.0,325908.0,17811.0
291766,0,Cash loans,M,Y,Y,0,157500.0,497520.0,53712.0
21829,0,Cash loans,F,N,N,0,112500.0,314100.0,12420.0
75424,0,Cash loans,F,Y,N,0,175500.0,797868.0,22995.0
16474,0,Cash loans,F,Y,N,0,189000.0,675000.0,28597.5
257577,0,Cash loans,F,Y,Y,1,90000.0,495000.0,19759.5
123869,0,Cash loans,F,N,Y,0,49500.0,225000.0,21919.5
80333,0,Cash loans,F,Y,Y,0,450000.0,342000.0,18684.0
223672,0,Revolving loans,F,Y,Y,1,112500.0,202500.0,10125.0
147326,0,Cash loans,M,Y,Y,0,90000.0,270000.0,16443.0
248315,0,Cash loans,F,N,Y,0,396000.0,900000.0,48825.0
15376,0,Cash loans,F,N,Y,1,112500.0,440784.0,34956.0
259189,0,Cash loans,M,N,N,0,112500.0,256500.0,19305.0
149272,0,Revolving loans,F,N,Y,0,112500.0,247500.0,12375.0
222356,0,Cash loans,M,Y,Y,0,112500.0,152820.0,16587.0
82227,0,Cash loans,F,N,N,1,162000.0,500490.0,48888.0
95067,0,Cash loans,M,Y,Y,0,337500.0,997335.0,35464.5
54528,0,Cash loans,M,Y,Y,0,135000.0,1354500.0,37246.5
159076,0,Cash loans,F,Y,Y,1,180000.0,270000.0,26833.5
136852,0,Cash loans,M,Y,Y,0,112500.0,675000.0,21775.5
125020,0,Cash loans,F,N,Y,0,157500.0,508495.5,20295.0
248240,0,Cash loans,M,Y,Y,1,148500.0,1264428.0,37098.0
21252,0,Revolving loans,F,Y,N,0,135000.0,405000.0,20250.0
266221,0,Cash loans,M,N,Y,1,126000.0,271066.5,16510.5
216677,0,Cash loans,F,Y,N,2,135000.0,417024.0,22752.0
290896,0,Cash loans,F,N,N,1,270000.0,1185120.0,42696.0
237787,0,Cash loans,M,N,N,0,90000.0,360000.0,17509.5
15094,0,Cash loans,F,N,N,0,180000.0,314100.0,21375.0
134966,0,Cash loans,M,N,Y,3,157500.0,521280.0,26743.5
306212,1,Cash loans,F,N,N,0,180000.0,1125000.0,30168.0
296411,0,Cash loans,M,Y,Y,1,810000.0,1288350.0,37800.0
209451,0,Cash loans,F,N,N,0,135000.0,450000.0,24543.0
122764,0,Cash loans,F,Y,N,0,1350000.0,900000.0,57519.0
271156,0,Cash loans,F,N,N,1,90000.0,450000.0,21888.0
279065,0,Cash loans,F,N,Y,0,247500.0,677664.0,28615.5
21494,0,Cash loans,M,Y,Y,2,135000.0,261000.0,25942.5
298964,0,Cash loans,F,N,Y,0,117000.0,675000.0,34596.0
32729,0,Cash loans,F,N,N,1,67500.0,693301.5,30537.0
222415,0,Cash loans,F,N,Y,0,180000.0,750154.5,31914.0
278207,0,Cash loans,F,N,Y,0,202500.0,184500.0,13554.0
215215,0,Revolving loans,F,N,Y,1,169416.0,135000.0,6750.0
93773,0,Cash loans,M,Y,Y,0,135000.0,585000.0,24916.5
69293,0,Revolving loans,F,N,Y,0,112500.0,315000.0,15750.0
30987,0,Cash loans,F,N,N,0,117000.0,52128.0,6025.5
161848,0,Cash loans,M,Y,Y,0,157500.0,701730.0,70956.0
285018,0,Cash loans,F,N,Y,0,121500.0,835506.0,24556.5
30451,0,Cash loans,F,N,Y,0,135000.0,239850.0,25447.5
158920,0,Cash loans,F,N,Y,2,135000.0,808650.0,29839.5
183857,0,Cash loans,F,N,Y,0,225000.0,1886850.0,52015.5
242673,0,Revolving loans,F,N,Y,0,157500.0,180000.0,9000.0
275260,0,Revolving loans,F,N,N,0,112500.0,180000.0,9000.0
59423,0,Cash loans,F,N,Y,0,112500.0,808650.0,26217.0
255635,0,Cash loans,F,N,Y,0,207000.0,363190.5,23773.5
207327,0,Cash loans,F,N,Y,0,108000.0,258768.0,23863.5
194353,0,Cash loans,F,N,Y,0,99000.0,508495.5,20025.0
273520,0,Cash loans,F,N,N,0,112500.0,540000.0,21546.0
209022,0,Cash loans,F,Y,Y,0,157500.0,56034.0,5670.0
282900,0,Revolving loans,F,N,Y,0,90000.0,337500.0,16875.0
179002,0,Cash loans,F,N,N,0,90000.0,1125000.0,36292.5
184534,0,Cash loans,M,Y,Y,1,135000.0,266832.0,21523.5
15593,0,Cash loans,F,N,Y,0,225000.0,343377.0,13072.5
193170,0,Cash loans,F,N,Y,0,135000.0,81000.0,8851.5
142502,0,Cash loans,M,Y,Y,0,135000.0,284400.0,10215.0
72787,0,Revolving loans,M,N,Y,1,112500.0,180000.0,9000.0
88162,0,Revolving loans,F,N,Y,1,157500.0,270000.0,13500.0
29253,0,Cash loans,M,N,N,0,135000.0,348264.0,25236.0
236276,0,Cash loans,F,N,Y,1,112500.0,787086.0,23143.5
214039,0,Cash loans,M,Y,Y,0,112500.0,1686591.0,46377.0
244814,0,Cash loans,F,N,Y,0,225000.0,1080000.0,75298.5
182689,1,Cash loans,M,Y,Y,1,202500.0,540000.0,29425.5
304480,0,Cash loans,F,N,Y,2,157500.0,1546020.0,50004.0
208790,0,Cash loans,M,N,N,0,121500.0,114682.5,13099.5
50212,0,Cash loans,F,N,Y,0,225000.0,1483650.0,61227.0
37805,0,Cash loans,F,N,Y,0,193500.0,517266.0,28188.0
306600,0,Cash loans,M,N,Y,0,135000.0,296280.0,21690.0
48005,0,Cash loans,F,N,N,0,157500.0,254700.0,14350.5
304310,0,Cash loans,M,Y,Y,0,202500.0,1078200.0,31653.0
108624,0,Cash loans,M,Y,N,0,225000.0,1260000.0,36841.5
112936,1,Cash loans,F,N,N,2,112500.0,225000.0,17775.0
255269,0,Cash loans,F,N,Y,0,211500.0,721404.0,52623.0
297682,0,Cash loans,F,N,Y,1,90000.0,143910.0,15399.0
153409,0,Cash loans,F,Y,N,2,337500.0,1113840.0,57001.5
65855,0,Cash loans,M,Y,Y,1,135000.0,850500.0,30262.5
194023,0,Cash loans,M,Y,Y,0,135000.0,439740.0,21154.5
200591,0,Cash loans,M,N,Y,1,247500.0,1061599.5,31171.5
106896,0,Cash loans,M,Y,Y,0,157500.0,1575000.0,41679.0
197386,0,Cash loans,F,Y,N,0,72000.0,225000.0,14679.0
230035,0,Cash loans,F,N,Y,0,180000.0,900000.0,26446.5
175829,0,Cash loans,F,Y,Y,0,180000.0,331632.0,32931.0
45749,0,Cash loans,F,Y,Y,1,135000.0,1125000.0,47664.0
80260,0,Cash loans,F,N,N,0,112500.0,508495.5,20295.0
274028,0,Revolving loans,F,Y,Y,0,180000.0,180000.0,9000.0
292798,0,Cash loans,F,N,Y,0,157500.0,724500.0,20893.5
285647,0,Cash loans,F,N,N,1,67500.0,238500.0,13819.5
119446,0,Cash loans,M,N,N,0,162000.0,942300.0,36643.5
269330,0,Cash loans,M,Y,N,0,270000.0,1350000.0,64948.5
301265,0,Cash loans,M,Y,N,0,270000.0,781920.0,33259.5
98255,0,Cash loans,F,N,Y,0,247500.0,1530000.0,42205.5
113659,0,Cash loans,M,Y,N,1,540000.0,677664.0,36891.0
138225,0,Cash loans,F,N,Y,1,112500.0,170640.0,11236.5
92216,0,Cash loans,M,Y,N,0,225000.0,389844.0,18882.0
182857,0,Cash loans,M,N,N,1,135000.0,112500.0,7317.0
11782,0,Cash loans,M,Y,Y,0,81000.0,213322.5,13761.0
186515,0,Cash loans,M,N,Y,0,157500.0,112500.0,12064.5
303496,0,Cash loans,F,N,Y,0,171000.0,364896.0,18760.5
123830,1,Cash loans,M,Y,Y,0,180000.0,545040.0,39627.0
80389,0,Cash loans,F,Y,N,0,202500.0,497520.0,59175.0
164799,0,Revolving loans,M,N,Y,0,202500.0,292500.0,14625.0
196303,0,Cash loans,F,Y,Y,0,225000.0,550980.0,43659.0
145009,0,Revolving loans,F,N,Y,0,157500.0,450000.0,22500.0
168736,0,Cash loans,F,N,Y,0,135000.0,278460.0,20947.5
196804,0,Revolving loans,F,N,Y,1,90000.0,180000.0,9000.0
86246,0,Cash loans,F,N,Y,2,112500.0,152820.0,16587.0
227013,0,Cash loans,F,N,Y,0,135000.0,1113840.0,51745.5
30182,0,Cash loans,F,N,Y,2,72000.0,45000.0,5076.0
252030,0,Cash loans,F,Y,Y,0,315000.0,506889.0,28300.5
303637,0,Revolving loans,F,N,Y,0,135000.0,450000.0,22500.0
33534,0,Revolving loans,F,N,Y,0,157500.0,180000.0,9000.0
193654,0,Cash loans,M,N,Y,0,180000.0,251091.0,23850.0
250051,0,Revolving loans,F,N,Y,1,67500.0,202500.0,10125.0
53544,0,Cash loans,F,N,Y,0,135000.0,450000.0,27324.0
154143,0,Cash loans,F,N,Y,1,67500.0,130824.0,10462.5
95853,0,Cash loans,M,Y,Y,3,144000.0,521280.0,28408.5
177798,0,Cash loans,M,N,N,0,360000.0,1159515.0,30586.5
110909,0,Cash loans,F,N,N,0,315000.0,1546020.0,40783.5
233574,0,Cash loans,F,N,Y,1,112500.0,270000.0,12024.0
200797,1,Cash loans,F,Y,Y,0,81000.0,814041.0,28971.0
62145,0,Cash loans,F,N,Y,0,396000.0,484659.0,44581.5
12900,0,Cash loans,M,Y,N,0,135000.0,675000.0,21906.0
229708,0,Cash loans,M,Y,Y,3,171000.0,208512.0,24876.0
5994,0,Cash loans,F,N,Y,0,348750.0,703728.0,36058.5
148586,0,Cash loans,F,Y,N,0,135000.0,270000.0,19777.5
79782,0,Cash loans,F,N,Y,0,135000.0,679500.0,19998.0
259007,0,Cash loans,M,Y,N,1,292500.0,337500.0,20394.0
229841,0,Cash loans,M,Y,N,0,121500.0,112068.0,12199.5
9324,0,Cash loans,M,N,Y,0,135000.0,450000.0,18459.0
293657,1,Cash loans,M,Y,Y,1,315000.0,755190.0,36459.0
45923,0,Cash loans,F,N,Y,0,225000.0,1611072.0,45238.5
62307,0,Cash loans,M,N,Y,0,225000.0,760500.0,22365.0
127176,1,Cash loans,M,N,Y,0,270000.0,239850.0,25830.0
151583,0,Cash loans,M,Y,N,0,180000.0,1724220.0,50413.5
257308,0,Cash loans,F,N,Y,0,270000.0,578979.0,31536.0
103653,0,Cash loans,M,N,N,0,270000.0,675000.0,53329.5
39480,0,Cash loans,M,N,Y,0,180000.0,679500.0,19998.0
134962,0,Cash loans,M,Y,Y,0,292500.0,450000.0,24543.0
88219,0,Cash loans,M,N,N,0,270000.0,896157.0,39604.5
172481,0,Cash loans,F,Y,Y,0,225000.0,528633.0,25560.0
299678,0,Cash loans,F,Y,Y,0,72000.0,392427.0,22041.0
168608,0,Cash loans,F,N,Y,1,135000.0,225000.0,22383.0
143339,0,Cash loans,F,N,Y,1,112500.0,473760.0,51151.5
207948,0,Cash loans,M,Y,Y,1,58500.0,225000.0,8613.0
188006,0,Revolving loans,M,Y,Y,1,135000.0,180000.0,9000.0
102193,0,Revolving loans,F,N,Y,0,76500.0,202500.0,10125.0
198898,0,Cash loans,M,N,Y,0,202500.0,355536.0,18742.5
101032,0,Cash loans,F,Y,N,0,135000.0,443088.0,17464.5
269211,0,Cash loans,M,N,Y,0,157500.0,229230.0,11866.5
228964,0,Cash loans,M,Y,Y,1,202500.0,688500.0,29299.5
283825,0,Revolving loans,F,N,Y,0,90000.0,315000.0,15750.0
96504,0,Revolving loans,F,N,Y,2,135000.0,180000.0,9000.0
144204,0,Revolving loans,F,N,Y,2,450000.0,2250000.0,225000.0
92273,0,Cash loans,F,N,Y,2,144000.0,835380.0,40320.0
273792,0,Cash loans,M,Y,Y,0,90000.0,1350000.0,37255.5
89055,0,Cash loans,M,N,Y,1,157500.0,521280.0,28408.5
29340,0,Revolving loans,F,N,Y,0,157500.0,450000.0,22500.0
116194,0,Cash loans,F,N,N,0,135000.0,755190.0,30078.0
304230,0,Cash loans,F,N,Y,0,189000.0,695439.0,20461.5
167774,0,Cash loans,M,Y,N,1,180000.0,1125000.0,32895.0
185910,0,Cash loans,F,N,N,4,135000.0,647046.0,19048.5
301675,0,Cash loans,M,Y,Y,0,81000.0,678456.0,22014.0
29660,1,Cash loans,M,N,Y,2,135000.0,781920.0,32998.5
144790,0,Revolving loans,M,Y,Y,0,180000.0,180000.0,9000.0
42680,0,Cash loans,M,N,N,0,148500.0,497520.0,39438.0
13305,0,Cash loans,F,N,Y,0,135000.0,566055.0,18387.0
150197,0,Cash loans,M,Y,N,0,126000.0,269550.0,14751.0
151465,0,Revolving loans,M,N,N,1,157500.0,315000.0,15750.0
304612,0,Cash loans,F,Y,Y,1,126000.0,521280.0,27423.0
222073,0,Cash loans,F,Y,Y,2,112500.0,360000.0,18405.0
75319,0,Cash loans,F,N,Y,1,112500.0,485640.0,38133.0
195851,0,Revolving loans,F,N,Y,0,125550.0,225000.0,11250.0
62656,0,Cash loans,M,Y,Y,2,270000.0,490536.0,38884.5
53993,0,Cash loans,F,N,N,0,67500.0,450000.0,32877.0
156880,0,Cash loans,F,Y,Y,0,315000.0,927877.5,30793.5
45165,0,Cash loans,F,N,Y,0,337500.0,760225.5,38947.5
27268,0,Cash loans,F,N,N,2,225000.0,1288350.0,37800.0
294992,0,Cash loans,F,N,Y,1,247500.0,835380.0,40320.0
122190,1,Cash loans,F,N,Y,0,112500.0,339948.0,27387.0
196208,0,Cash loans,F,N,Y,1,135000.0,152820.0,16344.0
263584,1,Cash loans,F,N,Y,0,135000.0,1046142.0,30712.5
102010,0,Cash loans,M,Y,N,1,112500.0,900000.0,38133.0
15126,1,Cash loans,M,N,Y,2,157500.0,521280.0,47938.5
303013,0,Cash loans,F,N,Y,0,112500.0,454500.0,14661.0
138355,0,Cash loans,F,Y,N,1,247500.0,2517300.0,69354.0
41118,1,Cash loans,M,N,Y,0,135000.0,225000.0,16434.0
106961,0,Cash loans,M,N,N,0,135000.0,188685.0,15255.0
209088,1,Revolving loans,F,N,N,0,171000.0,270000.0,13500.0
198949,0,Cash loans,F,N,Y,0,135000.0,101880.0,10075.5
279216,0,Cash loans,M,Y,N,0,405000.0,945000.0,37476.0
283008,0,Cash loans,F,N,Y,0,90000.0,544491.0,15916.5
77922,0,Cash loans,F,Y,N,0,157500.0,360000.0,19530.0
8873,0,Cash loans,F,N,Y,0,90000.0,1125000.0,32895.0
1931,0,Cash loans,F,N,N,1,63000.0,619965.0,20128.5
187005,0,Cash loans,F,N,Y,0,189000.0,675000.0,36747.0
212561,0,Cash loans,M,Y,Y,2,180000.0,1054935.0,44824.5
9550,0,Cash loans,F,N,Y,1,180000.0,547272.0,43366.5
273294,0,Cash loans,F,N,Y,1,135000.0,172021.5,18193.5
18835,1,Cash loans,M,Y,N,0,315000.0,407520.0,32328.0
87813,1,Cash loans,M,Y,N,1,135000.0,201024.0,13729.5
82155,0,Revolving loans,M,Y,Y,0,1125000.0,900000.0,45000.0
17096,0,Cash loans,F,Y,Y,0,200250.0,573408.0,27715.5
84890,0,Cash loans,F,N,Y,0,180000.0,1800000.0,49500.0
130538,0,Revolving loans,F,N,Y,0,67500.0,180000.0,9000.0
137076,0,Cash loans,F,N,N,0,180000.0,450000.0,21888.0
38051,0,Revolving loans,F,N,Y,0,126000.0,202500.0,10125.0
14639,0,Cash loans,F,N,Y,3,112500.0,284400.0,22599.0
230611,0,Cash loans,F,N,Y,0,157500.0,760225.5,32206.5
31965,1,Cash loans,F,N,N,2,135000.0,1078200.0,38200.5
303796,0,Cash loans,F,N,N,1,67500.0,254700.0,16582.5
211253,0,Cash loans,F,N,Y,0,157500.0,1223010.0,51948.0
167380,0,Cash loans,F,N,N,0,202500.0,808650.0,23773.5
113774,0,Cash loans,F,Y,Y,1,135000.0,770292.0,30676.5
222526,0,Cash loans,F,N,N,0,180000.0,932643.0,30087.0
78731,0,Revolving loans,F,Y,Y,0,112500.0,270000.0,13500.0
52216,0,Cash loans,F,N,N,0,189000.0,635962.5,26032.5
68608,0,Cash loans,M,N,N,0,211500.0,1971072.0,68512.5
120313,0,Cash loans,M,N,N,0,112500.0,592560.0,22698.0
233510,0,Cash loans,M,Y,Y,1,180000.0,495000.0,23944.5
118952,0,Cash loans,M,N,Y,0,72000.0,352044.0,13401.0
250464,0,Cash loans,M,Y,Y,0,85500.0,112500.0,11088.0
134418,0,Cash loans,F,N,Y,2,112500.0,983299.5,41661.0
90222,0,Cash loans,F,Y,Y,0,90000.0,593010.0,15772.5
270404,0,Cash loans,F,Y,Y,1,99000.0,1056447.0,31018.5
64482,0,Cash loans,F,Y,Y,0,202500.0,521280.0,31630.5
93645,0,Cash loans,F,N,N,0,135000.0,781920.0,28215.0
100761,0,Cash loans,M,Y,Y,1,247500.0,1998738.0,55093.5
187480,0,Cash loans,F,N,Y,0,166500.0,805536.0,41260.5
34137,0,Cash loans,M,Y,N,0,135000.0,571446.0,15070.5
240849,0,Cash loans,M,Y,N,0,157500.0,746280.0,59094.0
197877,0,Revolving loans,M,Y,Y,1,180000.0,270000.0,13500.0
258346,0,Cash loans,F,N,N,0,90000.0,135000.0,13351.5
149341,0,Cash loans,F,N,Y,0,103500.0,143910.0,14148.0
149939,1,Cash loans,F,N,Y,0,157500.0,327024.0,21982.5
136949,0,Cash loans,F,N,N,0,90000.0,490495.5,25047.0
58676,0,Cash loans,F,Y,Y,0,117000.0,443088.0,31639.5
72691,0,Cash loans,M,Y,Y,0,450000.0,1125000.0,43915.5
255925,0,Cash loans,F,N,Y,0,171000.0,675000.0,53460.0
43476,0,Cash loans,M,N,N,0,90000.0,405000.0,20808.0
152914,0,Cash loans,F,Y,N,0,225000.0,106974.0,10548.0
222785,0,Revolving loans,F,N,N,0,135000.0,405000.0,20250.0
274237,0,Cash loans,F,N,Y,2,189000.0,402939.0,24615.0
91625,0,Cash loans,F,N,Y,0,292500.0,755190.0,36459.0
203952,0,Cash loans,M,Y,N,2,180000.0,781920.0,42547.5
303083,0,Cash loans,M,N,Y,0,126000.0,513531.0,24835.5
57267,0,Cash loans,M,Y,N,0,157500.0,293535.0,23319.0
185152,0,Cash loans,F,N,Y,0,117000.0,225000.0,23184.0
140408,0,Cash loans,F,N,Y,0,292500.0,1223010.0,48631.5
138292,0,Cash loans,F,Y,Y,2,153000.0,273636.0,29601.0
201685,0,Revolving loans,F,N,Y,0,135000.0,382500.0,19125.0
178293,0,Cash loans,F,N,Y,0,112500.0,76410.0,9198.0
68641,0,Cash loans,M,Y,Y,0,270000.0,1569051.0,54670.5
115810,0,Cash loans,F,Y,Y,2,112500.0,284400.0,22599.0
280887,0,Cash loans,M,Y,Y,1,180000.0,485640.0,37579.5
255855,0,Cash loans,F,N,Y,0,450000.0,823621.5,29713.5
149843,0,Cash loans,M,N,N,0,112500.0,497520.0,36333.0
107284,0,Cash loans,F,N,N,0,95463.0,225000.0,11430.0
248358,0,Cash loans,M,N,Y,0,135000.0,130320.0,14161.5
132601,0,Cash loans,M,Y,N,1,90000.0,301500.0,9270.0
266481,0,Cash loans,F,N,Y,0,153000.0,675000.0,21775.5
99433,0,Cash loans,F,Y,N,0,270000.0,817560.0,29362.5
125276,0,Cash loans,F,N,N,0,171000.0,927000.0,28102.5
36048,0,Revolving loans,M,Y,Y,0,225000.0,202500.0,10125.0
111417,0,Cash loans,F,Y,Y,0,108000.0,188460.0,8428.5
259913,0,Cash loans,F,N,N,0,180000.0,1125000.0,47794.5
109469,0,Cash loans,M,N,Y,0,112500.0,440784.0,34956.0
287790,0,Cash loans,M,Y,Y,0,180000.0,835380.0,33259.5
83928,0,Cash loans,M,N,Y,0,180000.0,668304.0,25582.5
16127,0,Cash loans,F,Y,Y,1,112500.0,862560.0,25348.5
71862,0,Revolving loans,F,N,Y,0,270000.0,270000.0,13500.0
68324,0,Cash loans,F,N,N,1,126000.0,144486.0,8860.5
151981,0,Cash loans,M,Y,Y,0,175500.0,337500.0,33381.0
285563,0,Cash loans,M,N,Y,0,90000.0,824823.0,24115.5
111640,0,Cash loans,M,Y,N,1,360000.0,371862.0,29511.0
190982,0,Cash loans,M,Y,N,0,166500.0,1125000.0,32895.0
149679,0,Cash loans,F,N,Y,0,148500.0,1129500.0,31059.0
20700,0,Revolving loans,M,Y,N,0,225000.0,450000.0,22500.0
297641,0,Revolving loans,F,N,Y,0,180000.0,900000.0,45000.0
306594,0,Cash loans,F,N,Y,2,90000.0,432567.0,23593.5
44077,0,Cash loans,M,Y,N,0,112500.0,157500.0,12442.5
70875,0,Cash loans,M,Y,Y,1,225000.0,558855.0,40797.0
140944,0,Cash loans,M,N,N,0,157500.0,334152.0,18126.0
177792,0,Cash loans,M,N,Y,2,45000.0,261288.0,12307.5
301850,0,Cash loans,F,N,Y,0,112500.0,641173.5,28372.5
116533,0,Cash loans,M,N,N,0,99000.0,106659.0,8554.5
263851,0,Cash loans,F,N,Y,0,54000.0,463500.0,22428.0
49622,0,Revolving loans,F,N,Y,0,180000.0,360000.0,18000.0
195876,0,Revolving loans,M,Y,Y,4,112500.0,270000.0,13500.0
135578,0,Revolving loans,F,N,Y,0,270000.0,202500.0,10125.0
5164,0,Cash loans,F,N,Y,0,129600.0,540000.0,25150.5
101981,1,Cash loans,F,N,N,2,90000.0,675000.0,26284.5
147297,1,Revolving loans,F,Y,N,0,85500.0,180000.0,9000.0
145179,0,Cash loans,F,Y,Y,1,67500.0,225000.0,23755.5
59063,1,Cash loans,M,N,Y,0,180000.0,539100.0,29376.0
53306,0,Cash loans,F,N,Y,0,157500.0,327024.0,23827.5
184827,0,Cash loans,F,N,Y,0,135000.0,348264.0,34056.0
305627,0,Cash loans,M,N,N,0,135000.0,479637.0,18211.5
207746,0,Cash loans,F,Y,Y,1,135000.0,830709.0,33075.0
143871,0,Revolving loans,M,Y,Y,0,94500.0,180000.0,9000.0
27116,0,Cash loans,F,N,Y,0,234000.0,891126.0,43002.0
242498,0,Cash loans,F,N,Y,2,76500.0,225000.0,11911.5
194240,0,Revolving loans,F,Y,N,2,90000.0,270000.0,13500.0
46039,1,Revolving loans,M,N,Y,0,67500.0,180000.0,9000.0
148627,0,Cash loans,F,N,Y,0,81000.0,1125000.0,36423.0
207614,0,Cash loans,F,Y,Y,1,117000.0,621000.0,24192.0
210793,0,Cash loans,M,Y,Y,0,103500.0,728460.0,43375.5
246070,0,Cash loans,F,N,Y,0,306000.0,1350000.0,125059.5
75597,0,Cash loans,F,N,Y,1,270000.0,1051245.0,37372.5
161947,0,Cash loans,F,Y,Y,0,193500.0,547272.0,43366.5
113449,0,Revolving loans,F,N,Y,1,135000.0,405000.0,20250.0
243257,0,Cash loans,F,N,Y,1,135000.0,226152.0,10089.0
262906,0,Cash loans,M,Y,Y,0,225000.0,1271929.5,54018.0
169367,0,Revolving loans,F,N,N,0,121500.0,180000.0,9000.0
60486,0,Cash loans,M,Y,Y,0,180000.0,450000.0,21109.5
146586,0,Cash loans,F,N,Y,0,180000.0,481176.0,26230.5
191180,0,Cash loans,F,N,Y,0,135000.0,284400.0,22599.0
104406,0,Revolving loans,F,Y,Y,0,760792.5,337500.0,16875.0
297173,0,Cash loans,F,N,Y,0,112500.0,679500.0,28917.0
197815,0,Revolving loans,M,Y,Y,0,99000.0,202500.0,10125.0
176001,0,Cash loans,M,N,Y,0,135000.0,711000.0,20916.0
197806,0,Cash loans,F,Y,Y,0,112500.0,450000.0,17095.5
199599,0,Cash loans,M,N,Y,0,112500.0,143910.0,17905.5
251960,0,Cash loans,F,N,N,0,315000.0,824823.0,21888.0
186033,0,Cash loans,F,N,N,0,202500.0,348264.0,27513.0
207526,0,Cash loans,F,Y,N,1,90000.0,517788.0,18729.0
107226,0,Cash loans,M,N,Y,0,180000.0,355536.0,19417.5
306750,0,Cash loans,M,N,N,0,202500.0,450000.0,48595.5
112087,0,Cash loans,F,N,Y,0,76500.0,512338.5,16362.0
15785,0,Cash loans,F,Y,Y,0,198000.0,1105083.0,36652.5
295357,0,Revolving loans,F,Y,Y,0,148500.0,405000.0,20250.0
186976,0,Cash loans,F,N,N,0,126000.0,450000.0,22018.5
278535,0,Cash loans,F,N,N,1,94500.0,495000.0,18342.0
226248,0,Cash loans,F,N,N,2,162000.0,1484181.0,40945.5
78644,1,Cash loans,M,Y,Y,0,225000.0,584766.0,24903.0
176240,0,Cash loans,M,N,Y,0,112500.0,260568.0,31054.5
132936,0,Revolving loans,M,N,Y,1,90000.0,270000.0,13500.0
94261,0,Cash loans,F,N,Y,2,90000.0,536917.5,22702.5
41446,0,Cash loans,F,N,Y,0,243000.0,1046142.0,33876.0
27549,0,Revolving loans,M,N,Y,0,112500.0,157500.0,7875.0
203024,0,Cash loans,M,N,Y,0,112500.0,517500.0,16821.0
70595,0,Cash loans,F,N,N,1,135000.0,62554.5,7204.5
24602,0,Cash loans,F,N,Y,0,90000.0,593010.0,19260.0
72767,0,Cash loans,F,N,Y,0,157500.0,229500.0,27364.5
297670,1,Revolving loans,M,N,Y,1,99000.0,180000.0,9000.0
51190,0,Cash loans,F,N,N,0,81000.0,450000.0,13774.5
172661,0,Cash loans,F,Y,Y,0,65250.0,319981.5,13684.5
293515,1,Cash loans,F,Y,Y,2,40500.0,80865.0,6480.0
275054,0,Cash loans,F,N,N,2,112500.0,319981.5,17487.0
94596,0,Cash loans,F,N,N,0,135000.0,961146.0,28102.5
254152,0,Cash loans,F,N,N,1,90000.0,450000.0,19822.5
104347,0,Cash loans,F,N,Y,1,225000.0,1620000.0,56439.0
27990,1,Cash loans,F,N,N,1,225000.0,2125953.0,78916.5
220640,0,Cash loans,F,N,Y,0,126000.0,270000.0,18922.5
167397,0,Cash loans,M,N,Y,0,216000.0,272520.0,21658.5
73515,0,Cash loans,F,N,N,0,45000.0,129519.0,12298.5
6908,0,Cash loans,F,Y,N,0,180000.0,258768.0,14035.5
228641,0,Cash loans,F,N,Y,0,36000.0,161730.0,6979.5
60250,1,Cash loans,M,Y,N,0,202500.0,479700.0,54252.0
175580,0,Cash loans,F,N,N,0,175500.0,900000.0,26316.0
195738,0,Cash loans,F,N,N,1,67500.0,49752.0,5355.0
133877,0,Cash loans,F,N,N,2,99000.0,112068.0,12019.5
29977,0,Cash loans,F,N,Y,0,76500.0,157500.0,9765.0
271235,0,Revolving loans,F,N,Y,0,81000.0,202500.0,10125.0
292193,0,Cash loans,F,N,N,0,67500.0,227520.0,11065.5
218803,0,Cash loans,F,N,Y,0,67500.0,263686.5,14724.0
262376,0,Cash loans,M,Y,N,0,90000.0,254700.0,23697.0
63986,0,Revolving loans,M,Y,Y,1,157500.0,315000.0,15750.0
149672,0,Cash loans,M,N,Y,0,157500.0,413235.0,32778.0
299379,0,Cash loans,M,N,Y,0,112500.0,192528.0,9103.5
186761,1,Cash loans,M,Y,N,1,99000.0,835605.0,24430.5
221715,0,Cash loans,F,N,Y,0,67500.0,355536.0,17235.0
282627,0,Cash loans,M,N,Y,0,157500.0,464283.0,55228.5
38011,0,Cash loans,M,Y,N,2,135000.0,1078200.0,31653.0
11690,0,Cash loans,F,Y,Y,1,225000.0,339241.5,16627.5
60928,1,Cash loans,M,N,Y,2,211500.0,599116.5,28953.0
14368,0,Cash loans,M,N,Y,2,180000.0,261000.0,28237.5
54539,1,Cash loans,F,N,Y,0,135000.0,1024290.0,30078.0
237175,0,Cash loans,M,Y,N,2,135000.0,508495.5,24592.5
219458,0,Cash loans,F,N,Y,0,225000.0,675000.0,32602.5
157443,0,Cash loans,F,N,Y,0,175500.0,900000.0,38263.5
271484,0,Cash loans,F,N,N,0,135000.0,499500.0,25501.5
135034,0,Revolving loans,M,Y,Y,1,112500.0,382500.0,19125.0
243442,0,Cash loans,F,N,N,0,67500.0,89019.0,6322.5
78798,0,Cash loans,F,N,Y,0,49500.0,172512.0,13477.5
177627,0,Cash loans,F,N,Y,0,382500.0,346500.0,24772.5
36394,0,Cash loans,F,N,Y,1,157500.0,675000.0,26284.5
301755,0,Cash loans,F,N,Y,0,180000.0,800500.5,34047.0
163826,0,Cash loans,F,Y,Y,0,180000.0,781879.5,45715.5
267648,0,Cash loans,F,N,Y,0,135000.0,472500.0,15241.5
82758,0,Cash loans,F,N,N,0,67500.0,486000.0,19404.0
214966,1,Cash loans,F,N,Y,0,180000.0,269550.0,13891.5
91875,0,Cash loans,M,Y,N,0,112500.0,225000.0,23872.5
99472,0,Cash loans,F,Y,N,1,202500.0,1228135.5,48834.0
276719,0,Cash loans,M,N,Y,0,292500.0,1467612.0,58203.0
149735,0,Cash loans,F,N,N,1,202500.0,679500.0,19998.0
264721,0,Cash loans,M,Y,Y,2,360000.0,1125000.0,36423.0
241991,0,Cash loans,M,N,Y,0,144000.0,582804.0,29884.5
166128,0,Cash loans,F,N,Y,0,90000.0,675000.0,21906.0
224492,0,Cash loans,F,N,N,0,81000.0,153504.0,15084.0
170885,0,Cash loans,F,Y,N,1,292500.0,1515415.5,41800.5
197644,0,Cash loans,F,Y,Y,3,67500.0,145957.5,15084.0
273739,0,Cash loans,F,N,Y,0,180000.0,1006920.0,51543.0
83062,0,Cash loans,F,N,N,0,225000.0,450000.0,48465.0
171516,0,Cash loans,F,N,N,0,315000.0,284400.0,8752.5
182659,0,Cash loans,F,N,N,0,180000.0,735579.0,37687.5
239397,0,Revolving loans,F,N,N,2,157500.0,270000.0,13500.0
300923,0,Cash loans,M,Y,N,2,405000.0,808650.0,29839.5
38001,0,Revolving loans,M,Y,Y,1,117000.0,180000.0,9000.0
93693,0,Cash loans,F,N,N,0,58500.0,454500.0,21865.5
85466,0,Cash loans,F,Y,Y,0,121500.0,810000.0,26770.5
158389,0,Cash loans,M,N,Y,0,112500.0,308133.0,15862.5
113178,0,Cash loans,F,Y,Y,1,292500.0,1125000.0,44617.5
236316,0,Cash loans,F,Y,N,1,126000.0,1339884.0,36846.0
137978,0,Cash loans,F,N,Y,0,225000.0,942300.0,27679.5
56505,0,Cash loans,F,N,Y,0,54000.0,450000.0,16294.5
148751,0,Cash loans,F,Y,Y,0,270000.0,576841.5,39276.0
119795,0,Cash loans,F,N,Y,0,59400.0,76410.0,7956.0
222727,0,Cash loans,F,N,Y,1,157500.0,86346.0,9427.5
306855,0,Cash loans,F,Y,Y,1,202500.0,790434.0,40486.5
137859,0,Cash loans,M,N,Y,0,180000.0,156384.0,16969.5
255681,0,Cash loans,F,N,N,0,112500.0,229500.0,14940.0
115017,0,Cash loans,F,Y,Y,0,112500.0,808650.0,26086.5
10930,0,Cash loans,M,Y,Y,0,225000.0,270000.0,20893.5
256271,0,Cash loans,M,Y,Y,2,204750.0,948816.0,27742.5
1101,0,Revolving loans,F,Y,Y,0,135000.0,270000.0,13500.0
234419,0,Cash loans,M,Y,Y,1,202500.0,571500.0,29308.5
217122,0,Cash loans,F,Y,N,1,225000.0,454500.0,14791.5
278094,0,Cash loans,F,Y,N,0,405000.0,942300.0,27135.0
170827,0,Cash loans,F,N,Y,0,135000.0,220500.0,17194.5
118113,0,Revolving loans,M,N,Y,0,103500.0,247500.0,12375.0
45973,1,Cash loans,F,N,Y,0,288000.0,452385.0,35739.0
138461,0,Cash loans,F,N,N,0,270000.0,178290.0,14215.5
247606,0,Cash loans,M,N,Y,0,157500.0,112500.0,11812.5
23108,0,Cash loans,F,N,Y,1,112500.0,45000.0,3402.0
56971,0,Cash loans,F,N,N,1,270000.0,152820.0,16587.0
295383,0,Cash loans,F,N,Y,0,202500.0,971280.0,51745.5
238487,0,Cash loans,M,Y,Y,1,117000.0,271066.5,14832.0
222750,0,Cash loans,M,Y,N,0,180000.0,900000.0,35158.5
292794,0,Revolving loans,F,N,Y,0,90000.0,202500.0,10125.0
55090,0,Cash loans,F,Y,Y,0,292500.0,509400.0,32683.5
89056,1,Cash loans,F,Y,Y,0,225000.0,634482.0,18679.5
237878,0,Cash loans,F,N,Y,0,261000.0,1078200.0,31522.5
247571,0,Cash loans,M,Y,Y,0,157500.0,457717.5,30717.0
180708,0,Cash loans,F,Y,Y,1,202500.0,1506816.0,45814.5
116833,0,Cash loans,F,Y,Y,2,90000.0,225000.0,23184.0
